2020-05-13 19:16:30.335,scenario,structured_Test Protocol Full 
2020-05-13 19:16:45.848,scenario,structured_Test Protocol Full 
2020-05-13 19:17:01.130,scenario,structured_Test Protocol Full 
2020-05-13 19:17:16.542,scenario,structured_Test Protocol Full 
2020-05-13 19:17:31.932,scenario,structured_Test Protocol Full 
2020-05-13 19:17:47.409,scenario,structured_Test Protocol Full 
2020-05-13 19:18:02.926,scenario,structured_Test Protocol Full 
2020-05-13 19:18:18.412,scenario,structured_Test Protocol Full 
