2020-05-12 15:10:48.067,scenario,structured_Test Protocol Full 
2020-05-12 15:11:03.582,scenario,structured_Test Protocol Full 
2020-05-12 15:11:19.100,scenario,structured_Test Protocol Full 
2020-05-12 15:11:34.583,scenario,structured_Test Protocol Full 
2020-05-12 15:11:50.101,scenario,structured_Test Protocol Full 
2020-05-12 15:12:05.583,scenario,structured_Test Protocol Full 
2020-05-12 15:12:20.717,scenario,structured_Test Protocol Full 
2020-05-12 15:12:36.217,scenario,structured_Test Protocol Full 
