2020-05-11 12:40:06.163,beacon_subject,front pants pocket,standing
2020-05-11 12:40:21.617,beacon_subject,front pants pocket,standing
2020-05-11 12:40:37.133,beacon_subject,front pants pocket,standing
2020-05-11 12:40:52.629,beacon_subject,front pants pocket,standing
2020-05-11 12:41:07.972,beacon_subject,front pants pocket,standing
2020-05-11 12:41:23.388,beacon_subject,front pants pocket,standing
2020-05-11 12:41:38.666,beacon_subject,front pants pocket,standing
2020-05-11 12:41:54.172,beacon_subject,front pants pocket,standing
