2020-05-11 12:40:06.155,scenario,structured_Test Protocol Full 
2020-05-11 12:40:21.614,scenario,structured_Test Protocol Full 
2020-05-11 12:40:37.130,scenario,structured_Test Protocol Full 
2020-05-11 12:40:52.625,scenario,structured_Test Protocol Full 
2020-05-11 12:41:07.968,scenario,structured_Test Protocol Full 
2020-05-11 12:41:23.384,scenario,structured_Test Protocol Full 
2020-05-11 12:41:38.662,scenario,structured_Test Protocol Full 
2020-05-11 12:41:54.169,scenario,structured_Test Protocol Full 
