2020-05-11 12:40:06.155,subject,front pants pocket,standing,unknown
2020-05-11 12:40:21.613,subject,front pants pocket,standing,unknown
2020-05-11 12:40:37.129,subject,front pants pocket,standing,unknown
2020-05-11 12:40:52.624,subject,front pants pocket,standing,unknown
2020-05-11 12:41:07.967,subject,front pants pocket,standing,unknown
2020-05-11 12:41:23.383,subject,front pants pocket,standing,unknown
2020-05-11 12:41:38.661,subject,front pants pocket,standing,unknown
2020-05-11 12:41:54.168,subject,front pants pocket,standing,unknown
