2020-05-11 12:44:19.528,beacon_subject,front pants pocket,standing
2020-05-11 12:44:34.843,beacon_subject,front pants pocket,standing
2020-05-11 12:44:50.301,beacon_subject,front pants pocket,standing
2020-05-11 12:45:05.759,beacon_subject,front pants pocket,standing
2020-05-11 12:45:20.829,beacon_subject,front pants pocket,standing
2020-05-11 12:45:36.287,beacon_subject,front pants pocket,standing
2020-05-11 12:45:51.613,beacon_subject,front pants pocket,standing
2020-05-11 12:46:07.122,beacon_subject,front pants pocket,standing
