2020-05-26 16:31:30.164,beacon_subject,rear pants pocket,sitting
2020-05-26 16:31:45.671,beacon_subject,rear pants pocket,sitting
2020-05-26 16:32:01.089,beacon_subject,rear pants pocket,sitting
2020-05-26 16:32:16.388,beacon_subject,rear pants pocket,sitting
2020-05-26 16:32:31.591,beacon_subject,rear pants pocket,sitting
2020-05-26 16:32:47.088,beacon_subject,rear pants pocket,sitting
2020-05-26 16:33:02.455,beacon_subject,rear pants pocket,sitting
2020-05-26 16:33:17.954,beacon_subject,rear pants pocket,sitting
