2020-05-12 15:15:56.867,scenario,structured_Test Protocol Full 
2020-05-12 15:16:12.054,scenario,structured_Test Protocol Full 
2020-05-12 15:16:27.454,scenario,structured_Test Protocol Full 
2020-05-12 15:16:42.964,scenario,structured_Test Protocol Full 
2020-05-12 15:16:58.476,scenario,structured_Test Protocol Full 
2020-05-12 15:17:13.954,scenario,structured_Test Protocol Full 
2020-05-12 15:17:29.388,scenario,structured_Test Protocol Full 
2020-05-12 15:17:44.901,scenario,structured_Test Protocol Full 
