2020-05-11 12:33:44.608,beacon_subject,front pants pocket,standing
2020-05-11 12:34:00.012,beacon_subject,front pants pocket,standing
2020-05-11 12:34:15.486,beacon_subject,front pants pocket,standing
2020-05-11 12:34:30.827,beacon_subject,front pants pocket,standing
2020-05-11 12:34:46.289,beacon_subject,front pants pocket,standing
2020-05-11 12:35:01.647,beacon_subject,front pants pocket,standing
2020-05-11 12:35:17.127,beacon_subject,front pants pocket,standing
2020-05-11 12:35:32.610,beacon_subject,front pants pocket,standing
