2020-05-11 12:33:44.601,scenario,structured_Test Protocol Full 
2020-05-11 12:34:00.008,scenario,structured_Test Protocol Full 
2020-05-11 12:34:15.482,scenario,structured_Test Protocol Full 
2020-05-11 12:34:30.824,scenario,structured_Test Protocol Full 
2020-05-11 12:34:46.285,scenario,structured_Test Protocol Full 
2020-05-11 12:35:01.644,scenario,structured_Test Protocol Full 
2020-05-11 12:35:17.121,scenario,structured_Test Protocol Full 
2020-05-11 12:35:32.606,scenario,structured_Test Protocol Full 
