2020-05-11 12:33:44.600,subject,front pants pocket,standing,unknown
2020-05-11 12:34:00.007,subject,front pants pocket,standing,unknown
2020-05-11 12:34:15.481,subject,front pants pocket,standing,unknown
2020-05-11 12:34:30.823,subject,front pants pocket,standing,unknown
2020-05-11 12:34:46.284,subject,front pants pocket,standing,unknown
2020-05-11 12:35:01.643,subject,front pants pocket,standing,unknown
2020-05-11 12:35:17.120,subject,front pants pocket,standing,unknown
2020-05-11 12:35:32.605,subject,front pants pocket,standing,unknown
