2020-05-11 12:42:12.812,scenario,structured_Test Protocol Full 
2020-05-11 12:42:28.331,scenario,structured_Test Protocol Full 
2020-05-11 12:42:43.629,scenario,structured_Test Protocol Full 
2020-05-11 12:42:58.935,scenario,structured_Test Protocol Full 
2020-05-11 12:43:14.442,scenario,structured_Test Protocol Full 
2020-05-11 12:43:29.799,scenario,structured_Test Protocol Full 
2020-05-11 12:43:45.285,scenario,structured_Test Protocol Full 
2020-05-11 12:44:00.757,scenario,structured_Test Protocol Full 
