2020-05-26 16:27:00.442,scenario,structured_Test Protocol Full 
2020-05-26 16:27:15.854,scenario,structured_Test Protocol Full 
2020-05-26 16:27:31.286,scenario,structured_Test Protocol Full 
2020-05-26 16:27:46.521,scenario,structured_Test Protocol Full 
2020-05-26 16:28:01.921,scenario,structured_Test Protocol Full 
2020-05-26 16:28:17.287,scenario,structured_Test Protocol Full 
2020-05-26 16:28:32.753,scenario,structured_Test Protocol Full 
2020-05-26 16:28:48.253,scenario,structured_Test Protocol Full 
