2020-05-12 15:13:07.042,scenario,structured_Test Protocol Full 
2020-05-12 15:13:22.451,scenario,structured_Test Protocol Full 
2020-05-12 15:13:37.851,scenario,structured_Test Protocol Full 
2020-05-12 15:13:53.318,scenario,structured_Test Protocol Full 
2020-05-12 15:14:08.585,scenario,structured_Test Protocol Full 
2020-05-12 15:14:23.718,scenario,structured_Test Protocol Full 
2020-05-12 15:14:39.152,scenario,structured_Test Protocol Full 
2020-05-12 15:14:54.585,scenario,structured_Test Protocol Full 
