2020-05-26 15:52:40.913,Altitude,0.0,101.01791381835938,10
2020-05-26 15:52:41.950,Altitude,-0.06077384948730469,101.01866149902344,10
2020-05-26 15:52:42.986,Altitude,-0.12418937683105469,101.01940155029297,10
2020-05-26 15:52:44.021,Altitude,-0.19024658203125,101.02018737792969,10
2020-05-26 15:52:45.058,Altitude,-0.19553184509277344,101.02025604248047,10
2020-05-26 15:52:46.095,Altitude,-0.19553184509277344,101.02025604248047,10
2020-05-26 15:52:47.132,Altitude,-0.19553184509277344,101.02025604248047,10
2020-05-26 15:52:48.168,Altitude,-0.20081710815429688,101.02032470703125,10
2020-05-26 15:52:49.360,Altitude,-0.2351665496826172,101.0207290649414,10
2020-05-26 15:52:56.409,Altitude,0.0,101.02185821533203,10
2020-05-26 15:52:57.445,Altitude,-0.0158538818359375,101.02206420898438,10
2020-05-26 15:52:58.482,Altitude,-0.031707763671875,101.02226257324219,10
2020-05-26 15:52:59.518,Altitude,-0.06870079040527344,101.02269744873047,10
2020-05-26 15:53:00.554,Altitude,-0.08191299438476562,101.02285766601562,10
2020-05-26 15:53:01.591,Altitude,-0.08191299438476562,101.02285766601562,10
2020-05-26 15:53:02.628,Altitude,-0.07398605346679688,101.02275085449219,10
2020-05-26 15:53:03.665,Altitude,-0.002643585205078125,101.02191162109375,10
2020-05-26 15:53:04.856,Altitude,0.08455467224121094,101.0208740234375,10
2020-05-26 15:53:11.899,Altitude,0.0,101.01974487304688,10
2020-05-26 15:53:12.936,Altitude,0.0052852630615234375,101.0196762084961,10
2020-05-26 15:53:13.973,Altitude,0.0,101.01974487304688,10
2020-05-26 15:53:15.010,Altitude,0.013212203979492188,101.01960754394531,10
2020-05-26 15:53:16.046,Altitude,-0.0026416778564453125,101.0197982788086,10
2020-05-26 15:53:17.082,Altitude,-0.013210296630859375,101.01992797851562,10
2020-05-26 15:53:18.117,Altitude,-0.026422500610351562,101.02008056640625,10
2020-05-26 15:53:19.155,Altitude,-0.029064178466796875,101.02010345458984,10
2020-05-26 15:53:20.346,Altitude,-0.07134246826171875,101.02059936523438,10
2020-05-26 15:53:27.392,Altitude,0.0,101.02375030517578,10
2020-05-26 15:53:28.428,Altitude,0.03699302673339844,101.02330017089844,10
2020-05-26 15:53:29.465,Altitude,0.07398414611816406,101.0228500366211,10
2020-05-26 15:53:30.500,Altitude,0.1109771728515625,101.02242279052734,10
2020-05-26 15:53:31.538,Altitude,0.1453266143798828,101.0219955444336,10
2020-05-26 15:53:32.576,Altitude,0.15061187744140625,101.02193450927734,10
2020-05-26 15:53:33.612,Altitude,0.1453266143798828,101.0219955444336,10
2020-05-26 15:53:34.649,Altitude,0.10569190979003906,101.02246856689453,10
2020-05-26 15:53:35.839,Altitude,0.10040855407714844,101.02254486083984,10
2020-05-26 15:53:42.678,Altitude,0.0,101.02366638183594,10
2020-05-26 15:53:43.715,Altitude,0.0158538818359375,101.02345275878906,10
2020-05-26 15:53:44.752,Altitude,0.03434944152832031,101.02323150634766,10
2020-05-26 15:53:45.788,Altitude,0.03699302673339844,101.0232162475586,10
2020-05-26 15:53:46.823,Altitude,0.05020332336425781,101.02305603027344,10
2020-05-26 15:53:47.860,Altitude,0.05020332336425781,101.02305603027344,10
2020-05-26 15:53:48.897,Altitude,0.031707763671875,101.02328491210938,10
2020-05-26 15:53:49.934,Altitude,0.0158538818359375,101.02345275878906,10
2020-05-26 15:53:51.124,Altitude,0.0158538818359375,101.0234603881836,10
2020-05-26 15:53:58.220,Altitude,0.0,101.02278900146484,10
2020-05-26 15:53:59.256,Altitude,-0.03699302673339844,101.02323913574219,10
2020-05-26 15:54:00.292,Altitude,-0.03434944152832031,101.02320098876953,10
2020-05-26 15:54:01.330,Altitude,-0.03434944152832031,101.02320098876953,10
2020-05-26 15:54:02.364,Altitude,-0.031707763671875,101.02317810058594,10
2020-05-26 15:54:03.403,Altitude,-0.031707763671875,101.02317810058594,10
2020-05-26 15:54:04.437,Altitude,-0.05020332336425781,101.02339935302734,10
2020-05-26 15:54:05.474,Altitude,-0.05813026428222656,101.02348327636719,10
2020-05-26 15:54:06.665,Altitude,-0.06605720520019531,101.02356719970703,10
2020-05-26 15:54:13.352,Altitude,0.0,101.0230712890625,10
2020-05-26 15:54:14.387,Altitude,-0.010568618774414062,101.0232162475586,10
2020-05-26 15:54:15.424,Altitude,-0.02378082275390625,101.02336120605469,10
2020-05-26 15:54:16.461,Altitude,-0.02378082275390625,101.02336120605469,10
2020-05-26 15:54:17.498,Altitude,-0.018495559692382812,101.02332305908203,10
2020-05-26 15:54:18.535,Altitude,-0.0158538818359375,101.02326202392578,10
2020-05-26 15:54:19.570,Altitude,-0.0052852630615234375,101.02315521240234,10
2020-05-26 15:54:20.607,Altitude,-0.0052852630615234375,101.02315521240234,10
2020-05-26 15:54:21.799,Altitude,0.013212203979492188,101.0229263305664,10
2020-05-26 15:54:28.584,Altitude,0.0,101.02297973632812,10
2020-05-26 15:54:29.622,Altitude,0.021139144897460938,101.02272033691406,10
2020-05-26 15:54:30.656,Altitude,0.04491996765136719,101.0224609375,10
2020-05-26 15:54:31.695,Altitude,0.0792694091796875,101.02202606201172,10
2020-05-26 15:54:32.730,Altitude,0.0792694091796875,101.02202606201172,10
2020-05-26 15:54:33.767,Altitude,0.06341552734375,101.02220916748047,10
2020-05-26 15:54:34.804,Altitude,0.06341552734375,101.02220916748047,10
2020-05-26 15:54:35.841,Altitude,0.06870079040527344,101.02217102050781,10
2020-05-26 15:54:37.033,Altitude,0.07398414611816406,101.02210235595703,10
2020-05-26 15:55:01.110,Altitude,0.0,101.02071380615234,12
2020-05-26 15:55:02.146,Altitude,-0.00792694091796875,101.02079772949219,12
2020-05-26 15:55:03.182,Altitude,0.0,101.02071380615234,12
2020-05-26 15:55:04.219,Altitude,0.002643585205078125,101.02066040039062,12
2020-05-26 15:55:05.257,Altitude,0.002643585205078125,101.02066040039062,12
2020-05-26 15:55:06.294,Altitude,0.0,101.02070617675781,12
2020-05-26 15:55:07.330,Altitude,-0.00792694091796875,101.02081298828125,12
2020-05-26 15:55:08.368,Altitude,-0.06605720520019531,101.02149200439453,12
2020-05-26 15:55:09.560,Altitude,-0.07662773132324219,101.02163696289062,12
2020-05-26 15:55:16.603,Altitude,0.0,101.02133178710938,12
2020-05-26 15:55:17.640,Altitude,0.010570526123046875,101.0212173461914,12
2020-05-26 15:55:18.675,Altitude,0.0,101.02133178710938,12
2020-05-26 15:55:19.712,Altitude,-0.010568618774414062,101.0214614868164,12
2020-05-26 15:55:20.749,Altitude,-0.03963470458984375,101.02182006835938,12
2020-05-26 15:55:21.786,Altitude,-0.03963470458984375,101.02182006835938,12
2020-05-26 15:55:22.822,Altitude,0.018497467041015625,101.02113342285156,12
2020-05-26 15:55:23.858,Altitude,0.04491996765136719,101.02081298828125,12
2020-05-26 15:55:25.048,Altitude,0.04756355285644531,101.02078247070312,12
2020-05-26 15:55:32.144,Altitude,0.0,101.02288055419922,12
2020-05-26 15:55:33.180,Altitude,0.021139144897460938,101.02263641357422,12
2020-05-26 15:55:34.216,Altitude,0.04227638244628906,101.02239227294922,12
2020-05-26 15:55:35.252,Altitude,0.04227638244628906,101.02236938476562,12
2020-05-26 15:55:36.290,Altitude,0.05548858642578125,101.022216796875,12
2020-05-26 15:55:37.326,Altitude,0.07662773132324219,101.02198791503906,12
2020-05-26 15:55:38.363,Altitude,0.10833549499511719,101.02157592773438,12
2020-05-26 15:55:39.398,Altitude,0.11361885070800781,101.02153778076172,12
2020-05-26 15:55:40.591,Altitude,0.11361885070800781,101.02153778076172,12
2020-05-26 15:55:47.583,Altitude,0.0,101.02178192138672,12
2020-05-26 15:55:48.619,Altitude,0.021137237548828125,101.02153015136719,12
2020-05-26 15:55:49.657,Altitude,0.03963470458984375,101.02131652832031,12
2020-05-26 15:55:50.693,Altitude,0.04227638244628906,101.02128601074219,12
2020-05-26 15:55:51.730,Altitude,0.07398414611816406,101.02090454101562,12
2020-05-26 15:55:52.766,Altitude,0.07398414611816406,101.0208969116211,12
2020-05-26 15:55:53.804,Altitude,0.07398414611816406,101.0208969116211,12
2020-05-26 15:55:54.842,Altitude,0.06869888305664062,101.0209732055664,12
2020-05-26 15:55:56.033,Altitude,0.06605720520019531,101.02100372314453,12
2020-05-26 15:56:03.131,Altitude,0.0,101.01931762695312,12
2020-05-26 15:56:04.167,Altitude,-0.031707763671875,101.01968383789062,12
2020-05-26 15:56:05.205,Altitude,-0.06077384948730469,101.0200424194336,12
2020-05-26 15:56:06.242,Altitude,-0.08719635009765625,101.0203628540039,12
2020-05-26 15:56:07.278,Altitude,-0.08983802795410156,101.02037811279297,12
2020-05-26 15:56:08.313,Altitude,-0.10305023193359375,101.02055358886719,12
2020-05-26 15:56:09.350,Altitude,-0.10305023193359375,101.02055358886719,12
2020-05-26 15:56:10.387,Altitude,-0.10305023193359375,101.02055358886719,12
2020-05-26 15:56:11.578,Altitude,-0.10040855407714844,101.02051544189453,12
2020-05-26 15:56:18.365,Altitude,0.0,101.0207290649414,12
2020-05-26 15:56:19.401,Altitude,0.021139144897460938,101.02047729492188,12
2020-05-26 15:56:20.438,Altitude,0.04227638244628906,101.02021789550781,12
2020-05-26 15:56:21.475,Altitude,0.06341552734375,101.01996612548828,12
2020-05-26 15:56:22.512,Altitude,0.08455467224121094,101.01972198486328,12
2020-05-26 15:56:23.549,Altitude,0.08455467224121094,101.01972198486328,12
2020-05-26 15:56:24.586,Altitude,0.08983802795410156,101.01964569091797,12
2020-05-26 15:56:25.623,Altitude,0.09248161315917969,101.01961517333984,12
2020-05-26 15:56:26.813,Altitude,0.09248161315917969,101.01961517333984,12
2020-05-26 15:56:33.599,Altitude,0.0,101.01964569091797,12
2020-05-26 15:56:34.636,Altitude,0.018497467041015625,101.01945495605469,12
2020-05-26 15:56:35.673,Altitude,0.013212203979492188,101.01950073242188,12
2020-05-26 15:56:36.710,Altitude,0.013212203979492188,101.01950073242188,12
2020-05-26 15:56:37.746,Altitude,0.00792694091796875,101.01956176757812,12
2020-05-26 15:56:38.785,Altitude,0.002643585205078125,101.01963806152344,12
2020-05-26 15:56:39.817,Altitude,-0.010568618774414062,101.01980590820312,12
2020-05-26 15:56:40.855,Altitude,-0.010568618774414062,101.01980590820312,12
2020-05-26 15:56:42.046,Altitude,0.0,101.01966857910156,12
2020-05-26 15:56:49.041,Altitude,0.0,101.01959228515625,12
2020-05-26 15:56:50.078,Altitude,0.02378082275390625,101.01931762695312,12
2020-05-26 15:56:51.116,Altitude,0.0475616455078125,101.01903533935547,12
2020-05-26 15:56:52.151,Altitude,0.08983802795410156,101.01852416992188,12
2020-05-26 15:56:53.189,Altitude,0.1611804962158203,101.01766204833984,12
2020-05-26 15:56:54.226,Altitude,0.1611804962158203,101.01766204833984,12
2020-05-26 15:56:55.262,Altitude,0.1294727325439453,101.01803588867188,12
2020-05-26 15:56:56.299,Altitude,0.1294727325439453,101.01803588867188,12
2020-05-26 15:56:57.491,Altitude,0.1294727325439453,101.01803588867188,12
2020-05-26 15:57:15.711,Altitude,0.0,101.01763916015625,15
2020-05-26 15:57:16.748,Altitude,0.018495559692382812,101.01739501953125,15
2020-05-26 15:57:17.784,Altitude,0.04227638244628906,101.01714324951172,15
2020-05-26 15:57:18.822,Altitude,0.04227638244628906,101.01714324951172,15
2020-05-26 15:57:19.859,Altitude,0.04491996765136719,101.01709747314453,15
2020-05-26 15:57:20.897,Altitude,0.04491996765136719,101.01709747314453,15
2020-05-26 15:57:21.933,Altitude,0.06341552734375,101.01688385009766,15
2020-05-26 15:57:22.969,Altitude,0.06341552734375,101.01687622070312,15
2020-05-26 15:57:24.162,Altitude,0.06605720520019531,101.01685333251953,15
2020-05-26 15:57:31.260,Altitude,0.0,101.01581573486328,15
2020-05-26 15:57:32.296,Altitude,-0.021137237548828125,101.01605224609375,15
2020-05-26 15:57:33.333,Altitude,-0.03963470458984375,101.01628112792969,15
2020-05-26 15:57:34.368,Altitude,-0.09776496887207031,101.01698303222656,15
2020-05-26 15:57:35.406,Altitude,-0.09776496887207031,101.01698303222656,15
2020-05-26 15:57:36.444,Altitude,-0.08983802795410156,101.0168685913086,15
2020-05-26 15:57:37.480,Altitude,-0.08983802795410156,101.0168685913086,15
2020-05-26 15:57:38.516,Altitude,-0.08191108703613281,101.01677703857422,15
2020-05-26 15:57:39.708,Altitude,-0.07398414611816406,101.01667785644531,15
2020-05-26 15:57:46.756,Altitude,0.0,101.01722717285156,15
2020-05-26 15:57:47.794,Altitude,0.06605911254882812,101.01643371582031,15
2020-05-26 15:57:48.829,Altitude,0.13211631774902344,101.0156478881836,15
2020-05-26 15:57:49.865,Altitude,0.1876049041748047,101.01498413085938,15
2020-05-26 15:57:50.902,Altitude,0.1876049041748047,101.01498413085938,15
2020-05-26 15:57:51.939,Altitude,0.1876049041748047,101.0149917602539,15
2020-05-26 15:57:52.973,Altitude,0.18496322631835938,101.01500701904297,15
2020-05-26 15:57:54.012,Altitude,0.18496322631835938,101.01500701904297,15
2020-05-26 15:57:55.202,Altitude,0.17967796325683594,101.01505279541016,15
2020-05-26 15:58:02.143,Altitude,0.0,101.01620483398438,15
2020-05-26 15:58:03.180,Altitude,0.018495559692382812,101.0159912109375,15
2020-05-26 15:58:04.217,Altitude,0.03699302673339844,101.01577758789062,15
2020-05-26 15:58:05.253,Altitude,0.06341552734375,101.01545715332031,15
2020-05-26 15:58:06.289,Altitude,0.07662773132324219,101.0152816772461,15
2020-05-26 15:58:07.326,Altitude,0.1558971405029297,101.01433563232422,15
2020-05-26 15:58:08.363,Altitude,0.16118240356445312,101.0142822265625,15
2020-05-26 15:58:09.401,Altitude,0.18496322631835938,101.01399993896484,15
2020-05-26 15:58:10.591,Altitude,0.18496322631835938,101.01399230957031,15
2020-05-26 15:58:17.376,Altitude,0.0,101.0142822265625,15
2020-05-26 15:58:18.413,Altitude,-0.013212203979492188,101.01441955566406,15
2020-05-26 15:58:19.451,Altitude,-0.023782730102539062,101.01455688476562,15
2020-05-26 15:58:20.489,Altitude,-0.026424407958984375,101.01461029052734,15
2020-05-26 15:58:21.525,Altitude,-0.034351348876953125,101.01467895507812,15
2020-05-26 15:58:22.564,Altitude,-0.034351348876953125,101.01467895507812,15
2020-05-26 15:58:23.600,Altitude,-0.06341743469238281,101.01502227783203,15
2020-05-26 15:58:24.636,Altitude,-0.06341743469238281,101.01502227783203,15
2020-05-26 15:58:25.827,Altitude,-0.06077384948730469,101.01500701904297,15
2020-05-26 15:58:32.821,Altitude,0.0,101.0156021118164,15
2020-05-26 15:58:33.859,Altitude,0.021139144897460938,101.01535034179688,15
2020-05-26 15:58:34.896,Altitude,0.042278289794921875,101.01509857177734,15
2020-05-26 15:58:35.931,Altitude,0.06077384948730469,101.01487731933594,15
2020-05-26 15:58:36.969,Altitude,0.06341552734375,101.01485443115234,15
2020-05-26 15:58:38.005,Altitude,0.0792694091796875,101.0146484375,15
2020-05-26 15:58:39.042,Altitude,0.08455467224121094,101.01460266113281,15
2020-05-26 15:58:40.080,Altitude,0.08455467224121094,101.01460266113281,15
2020-05-26 15:58:41.274,Altitude,0.08455467224121094,101.01460266113281,15
2020-05-26 15:58:48.165,Altitude,0.0,101.0128402709961,15
2020-05-26 15:58:49.201,Altitude,-0.018497467041015625,101.01306915283203,15
2020-05-26 15:58:50.237,Altitude,-0.03699302673339844,101.01329803466797,15
2020-05-26 15:58:51.274,Altitude,-0.03699302673339844,101.01329803466797,15
2020-05-26 15:58:52.311,Altitude,-0.03699302673339844,101.01329803466797,15
2020-05-26 15:58:53.347,Altitude,-0.013212203979492188,101.01300811767578,15
2020-05-26 15:58:54.384,Altitude,-0.013212203979492188,101.01300811767578,15
2020-05-26 15:58:55.421,Altitude,-0.013212203979492188,101.01300811767578,15
2020-05-26 15:58:56.612,Altitude,-0.026424407958984375,101.01317596435547,15
2020-05-26 15:59:03.345,Altitude,0.0,101.01544952392578,15
2020-05-26 15:59:04.382,Altitude,0.00792694091796875,101.01536560058594,15
2020-05-26 15:59:05.420,Altitude,0.013212203979492188,101.01528930664062,15
2020-05-26 15:59:06.456,Altitude,0.0158538818359375,101.01527404785156,15
2020-05-26 15:59:07.493,Altitude,0.03699302673339844,101.0150146484375,15
2020-05-26 15:59:08.532,Altitude,0.09776687622070312,101.0142822265625,15
2020-05-26 15:59:09.567,Altitude,0.1109771728515625,101.01410675048828,15
2020-05-26 15:59:10.603,Altitude,0.1109771728515625,101.01410675048828,15
2020-05-26 15:59:11.795,Altitude,0.1109771728515625,101.01410675048828,15
2020-05-26 15:40:46.671,Altitude,0.0,101.02568817138672,3
2020-05-26 15:40:47.705,Altitude,-0.018495559692382812,101.02590942382812,3
2020-05-26 15:40:48.741,Altitude,-0.03434944152832031,101.0261001586914,3
2020-05-26 15:40:49.776,Altitude,-0.03434944152832031,101.0261001586914,3
2020-05-26 15:40:50.813,Altitude,0.002643585205078125,101.02564239501953,3
2020-05-26 15:40:51.850,Altitude,0.07398605346679688,101.0247802734375,3
2020-05-26 15:40:52.885,Altitude,0.08455467224121094,101.02467346191406,3
2020-05-26 15:40:53.921,Altitude,0.10040855407714844,101.02448272705078,3
2020-05-26 15:40:55.110,Altitude,0.10305023193359375,101.0244369506836,3
2020-05-26 15:41:02.206,Altitude,0.0,101.02755737304688,3
2020-05-26 15:41:03.243,Altitude,0.034351348876953125,101.02713012695312,3
2020-05-26 15:41:04.279,Altitude,0.07134437561035156,101.02670288085938,3
2020-05-26 15:41:05.316,Altitude,0.10305213928222656,101.02632904052734,3
2020-05-26 15:41:06.353,Altitude,0.11362075805664062,101.02617645263672,3
2020-05-26 15:41:07.388,Altitude,0.13211631774902344,101.0259780883789,3
2020-05-26 15:41:08.426,Altitude,0.13211631774902344,101.0259780883789,3
2020-05-26 15:41:09.462,Altitude,0.07927131652832031,101.02659606933594,3
2020-05-26 15:41:10.652,Altitude,0.07927131652832031,101.02659606933594,3
2020-05-26 15:41:17.388,Altitude,0.0,101.02613067626953,3
2020-05-26 15:41:18.425,Altitude,-0.026424407958984375,101.02645111083984,3
2020-05-26 15:41:19.463,Altitude,-0.05548858642578125,101.02677154541016,3
2020-05-26 15:41:20.498,Altitude,-0.05548858642578125,101.02677154541016,3
2020-05-26 15:41:21.536,Altitude,-0.03963470458984375,101.026611328125,3
2020-05-26 15:41:22.572,Altitude,-0.03699302673339844,101.02655029296875,3
2020-05-26 15:41:23.608,Altitude,-0.03699302673339844,101.02655029296875,3
2020-05-26 15:41:24.645,Altitude,-0.021139144897460938,101.02637481689453,3
2020-05-26 15:41:25.838,Altitude,-0.0158538818359375,101.02629852294922,3
2020-05-26 15:41:32.937,Altitude,0.0,101.0279541015625,3
2020-05-26 15:41:33.973,Altitude,0.02378082275390625,101.02767944335938,3
2020-05-26 15:41:35.010,Altitude,0.0158538818359375,101.02777099609375,3
2020-05-26 15:41:36.047,Altitude,0.0158538818359375,101.02777099609375,3
2020-05-26 15:41:37.084,Altitude,0.0158538818359375,101.02777099609375,3
2020-05-26 15:41:38.121,Altitude,0.050205230712890625,101.02735900878906,3
2020-05-26 15:41:39.159,Altitude,0.08191299438476562,101.02699279785156,3
2020-05-26 15:41:40.197,Altitude,0.11890411376953125,101.02653503417969,3
2020-05-26 15:41:41.390,Altitude,0.11890411376953125,101.02651977539062,3
2020-05-26 15:41:48.382,Altitude,0.0,101.0256118774414,3
2020-05-26 15:41:49.419,Altitude,-0.018495559692382812,101.02583312988281,3
2020-05-26 15:41:50.457,Altitude,-0.021139144897460938,101.02587127685547,3
2020-05-26 15:41:51.492,Altitude,-0.026422500610351562,101.02593231201172,3
2020-05-26 15:41:52.529,Altitude,-0.021139144897460938,101.02587127685547,3
2020-05-26 15:41:53.565,Altitude,-0.021139144897460938,101.0258560180664,3
2020-05-26 15:41:54.601,Altitude,-0.021139144897460938,101.0258560180664,3
2020-05-26 15:41:55.637,Altitude,-0.021139144897460938,101.02587127685547,3
2020-05-26 15:41:56.829,Altitude,-0.06870079040527344,101.02644348144531,3
2020-05-26 15:42:03.856,Altitude,0.0,101.025146484375,3
2020-05-26 15:42:04.893,Altitude,-0.029066085815429688,101.02549743652344,3
2020-05-26 15:42:05.929,Altitude,-0.06077384948730469,101.0258560180664,3
2020-05-26 15:42:06.967,Altitude,-0.08719635009765625,101.02619171142578,3
2020-05-26 15:42:08.005,Altitude,-0.10040855407714844,101.02633666992188,3
2020-05-26 15:42:09.042,Altitude,-0.11626243591308594,101.02653503417969,3
2020-05-26 15:42:10.078,Altitude,-0.11626243591308594,101.02653503417969,3
2020-05-26 15:42:11.114,Altitude,-0.11361885070800781,101.02650451660156,3
2020-05-26 15:42:12.305,Altitude,-0.10040855407714844,101.0263442993164,3
2020-05-26 15:42:19.352,Altitude,0.0,101.02656555175781,3
2020-05-26 15:42:20.390,Altitude,0.0026416778564453125,101.02651977539062,3
2020-05-26 15:42:21.427,Altitude,0.00792694091796875,101.02648162841797,3
2020-05-26 15:42:22.463,Altitude,0.00792694091796875,101.02648162841797,3
2020-05-26 15:42:23.501,Altitude,0.010568618774414062,101.02645111083984,3
2020-05-26 15:42:24.539,Altitude,0.02378082275390625,101.0262680053711,3
2020-05-26 15:42:25.576,Altitude,0.02378082275390625,101.0262680053711,3
2020-05-26 15:42:26.613,Altitude,0.010568618774414062,101.02642822265625,3
2020-05-26 15:42:27.804,Altitude,-0.021139144897460938,101.02682495117188,3
2020-05-26 15:42:34.748,Altitude,0.0,101.0264663696289,3
2020-05-26 15:42:35.786,Altitude,-0.0158538818359375,101.02667236328125,3
2020-05-26 15:42:36.822,Altitude,-0.029066085815429688,101.02682495117188,3
2020-05-26 15:42:37.860,Altitude,-0.03434944152832031,101.0268783569336,3
2020-05-26 15:42:38.895,Altitude,-0.03963470458984375,101.02693939208984,3
2020-05-26 15:42:39.931,Altitude,-0.03963470458984375,101.0269546508789,3
2020-05-26 15:42:40.966,Altitude,-0.03963470458984375,101.0269546508789,3
2020-05-26 15:42:42.002,Altitude,-0.07134246826171875,101.0273208618164,3
2020-05-26 15:42:43.194,Altitude,-0.08455467224121094,101.02747344970703,3
2020-05-26 15:43:04.470,Altitude,0.0,101.02616119384766,4
2020-05-26 15:43:05.505,Altitude,0.010570526123046875,101.02601623535156,4
2020-05-26 15:43:06.543,Altitude,0.0,101.02616119384766,4
2020-05-26 15:43:07.576,Altitude,0.013212203979492188,101.02598571777344,4
2020-05-26 15:43:08.611,Altitude,0.013212203979492188,101.02600860595703,4
2020-05-26 15:43:09.647,Altitude,0.013212203979492188,101.02598571777344,4
2020-05-26 15:43:10.684,Altitude,0.026424407958984375,101.02584075927734,4
2020-05-26 15:43:11.721,Altitude,0.029066085815429688,101.02581787109375,4
2020-05-26 15:43:12.913,Altitude,0.031707763671875,101.0257568359375,4
2020-05-26 15:43:19.749,Altitude,0.0,101.02674865722656,4
2020-05-26 15:43:20.787,Altitude,0.031707763671875,101.02638244628906,4
2020-05-26 15:43:21.821,Altitude,0.06077384948730469,101.02601623535156,4
2020-05-26 15:43:22.859,Altitude,0.08719635009765625,101.02570343017578,4
2020-05-26 15:43:23.895,Altitude,0.11361885070800781,101.025390625,4
2020-05-26 15:43:24.931,Altitude,0.11361885070800781,101.025390625,4
2020-05-26 15:43:25.968,Altitude,0.1109771728515625,101.02543640136719,4
2020-05-26 15:43:27.003,Altitude,0.1109771728515625,101.02543640136719,4
2020-05-26 15:43:28.196,Altitude,0.13211631774902344,101.0251693725586,4
2020-05-26 15:43:35.243,Altitude,0.0,101.02815246582031,4
2020-05-26 15:43:36.280,Altitude,0.029066085815429688,101.0278091430664,4
2020-05-26 15:43:37.317,Altitude,0.058132171630859375,101.02745819091797,4
2020-05-26 15:43:38.355,Altitude,0.11890411376953125,101.0267333984375,4
2020-05-26 15:43:39.392,Altitude,0.14532852172851562,101.02640533447266,4
2020-05-26 15:43:40.429,Altitude,0.158538818359375,101.02626037597656,4
2020-05-26 15:43:41.465,Altitude,0.158538818359375,101.02626037597656,4
2020-05-26 15:43:42.501,Altitude,0.158538818359375,101.0262451171875,4
2020-05-26 15:43:43.693,Altitude,0.1558971405029297,101.02627563476562,4
2020-05-26 15:43:50.321,Altitude,0.0,101.02586364746094,4
2020-05-26 15:43:51.357,Altitude,-0.036991119384765625,101.02630615234375,4
2020-05-26 15:43:52.393,Altitude,-0.07134246826171875,101.0267333984375,4
2020-05-26 15:43:53.429,Altitude,-0.07398414611816406,101.02674865722656,4
2020-05-26 15:43:54.467,Altitude,-0.0792694091796875,101.02680969238281,4
2020-05-26 15:43:55.502,Altitude,-0.08983802795410156,101.02693176269531,4
2020-05-26 15:43:56.539,Altitude,-0.08983802795410156,101.02693176269531,4
2020-05-26 15:43:57.576,Altitude,-0.08191108703613281,101.02686309814453,4
2020-05-26 15:43:58.767,Altitude,-0.08191108703613281,101.02686309814453,4
2020-05-26 15:44:05.657,Altitude,0.0,101.02710723876953,4
2020-05-26 15:44:06.695,Altitude,-0.010568618774414062,101.0272445678711,4
2020-05-26 15:44:07.730,Altitude,0.0,101.02710723876953,4
2020-05-26 15:44:08.768,Altitude,0.0158538818359375,101.02690887451172,4
2020-05-26 15:44:09.807,Altitude,0.0158538818359375,101.02690887451172,4
2020-05-26 15:44:10.843,Altitude,0.0158538818359375,101.02690887451172,4
2020-05-26 15:44:11.878,Altitude,0.0158538818359375,101.02691650390625,4
2020-05-26 15:44:12.916,Altitude,0.0158538818359375,101.02691650390625,4
2020-05-26 15:44:14.109,Altitude,0.0,101.027099609375,4
2020-05-26 15:44:21.098,Altitude,0.0,101.02616119384766,4
2020-05-26 15:44:22.135,Altitude,-0.03434944152832031,101.02656555175781,4
2020-05-26 15:44:23.172,Altitude,-0.06605720520019531,101.02693939208984,4
2020-05-26 15:44:24.206,Altitude,-0.06605720520019531,101.02693939208984,4
2020-05-26 15:44:25.245,Altitude,-0.0475616455078125,101.02672576904297,4
2020-05-26 15:44:26.282,Altitude,-0.0475616455078125,101.02672576904297,4
2020-05-26 15:44:27.319,Altitude,-0.052845001220703125,101.02679443359375,4
2020-05-26 15:44:28.356,Altitude,-0.052845001220703125,101.02679443359375,4
2020-05-26 15:44:29.547,Altitude,-0.044918060302734375,101.02670288085938,4
2020-05-26 15:44:36.537,Altitude,0.0,101.02642822265625,4
2020-05-26 15:44:37.573,Altitude,0.002643585205078125,101.02640533447266,4
2020-05-26 15:44:38.611,Altitude,0.0,101.02642822265625,4
2020-05-26 15:44:39.648,Altitude,-0.018495559692382812,101.02664947509766,4
2020-05-26 15:44:40.684,Altitude,-0.0475616455078125,101.02700805664062,4
2020-05-26 15:44:41.720,Altitude,-0.0475616455078125,101.02700805664062,4
2020-05-26 15:44:42.756,Altitude,-0.010568618774414062,101.02656555175781,4
2020-05-26 15:44:43.792,Altitude,0.0052852630615234375,101.0263671875,4
2020-05-26 15:44:44.983,Altitude,0.0052852630615234375,101.0263671875,4
2020-05-26 15:44:52.029,Altitude,0.0,101.0240478515625,4
2020-05-26 15:44:53.066,Altitude,-0.06077384948730469,101.0247802734375,4
2020-05-26 15:44:54.102,Altitude,-0.12154769897460938,101.0255126953125,4
2020-05-26 15:44:55.138,Altitude,-0.21667098999023438,101.02665710449219,4
2020-05-26 15:44:56.175,Altitude,-0.22459793090820312,101.02674102783203,4
2020-05-26 15:44:57.214,Altitude,-0.22723960876464844,101.02677154541016,4
2020-05-26 15:44:58.250,Altitude,-0.22723960876464844,101.02677154541016,4
2020-05-26 15:44:59.288,Altitude,-0.22723960876464844,101.02677154541016,4
2020-05-26 15:45:00.478,Altitude,-0.2351665496826172,101.02689361572266,4
2020-05-26 15:45:30.668,Altitude,0.0,101.02667236328125,5
2020-05-26 15:45:31.704,Altitude,0.0052852630615234375,101.02659606933594,5
2020-05-26 15:45:32.742,Altitude,0.010568618774414062,101.02653503417969,5
2020-05-26 15:45:33.775,Altitude,0.010568618774414062,101.02653503417969,5
2020-05-26 15:45:34.812,Altitude,0.010568618774414062,101.02651977539062,5
2020-05-26 15:45:35.849,Altitude,0.010568618774414062,101.02651977539062,5
2020-05-26 15:45:36.885,Altitude,0.013212203979492188,101.0264892578125,5
2020-05-26 15:45:37.922,Altitude,0.05548858642578125,101.02600860595703,5
2020-05-26 15:45:39.112,Altitude,0.08983802795410156,101.02558135986328,5
2020-05-26 15:45:46.158,Altitude,0.0,101.02660369873047,5
2020-05-26 15:45:47.194,Altitude,-0.00792694091796875,101.02668762207031,5
2020-05-26 15:45:48.231,Altitude,0.0,101.02660369873047,5
2020-05-26 15:45:49.269,Altitude,0.00792694091796875,101.02649688720703,5
2020-05-26 15:45:50.305,Altitude,0.031707763671875,101.0262222290039,5
2020-05-26 15:45:51.341,Altitude,0.052845001220703125,101.02595520019531,5
2020-05-26 15:45:52.377,Altitude,0.07134246826171875,101.02574157714844,5
2020-05-26 15:45:53.415,Altitude,0.07662582397460938,101.02568817138672,5
2020-05-26 15:45:54.605,Altitude,0.10569190979003906,101.02532196044922,5
2020-05-26 15:46:01.651,Altitude,0.0,101.0244369506836,5
2020-05-26 15:46:02.689,Altitude,-0.013210296630859375,101.02461242675781,5
2020-05-26 15:46:03.725,Altitude,-0.029064178466796875,101.02478790283203,5
2020-05-26 15:46:04.762,Altitude,-0.0475616455078125,101.02500915527344,5
2020-05-26 15:46:05.798,Altitude,-0.0475616455078125,101.02500915527344,5
2020-05-26 15:46:06.836,Altitude,-0.02378082275390625,101.02471160888672,5
2020-05-26 15:46:07.873,Altitude,-0.018495559692382812,101.0246810913086,5
2020-05-26 15:46:08.909,Altitude,-0.010568618774414062,101.02458190917969,5
2020-05-26 15:46:10.101,Altitude,-0.010568618774414062,101.02458190917969,5
2020-05-26 15:46:16.888,Altitude,0.0,101.0247573852539,5
2020-05-26 15:46:17.924,Altitude,-0.018495559692382812,101.02497863769531,5
2020-05-26 15:46:18.961,Altitude,-0.029066085815429688,101.02511596679688,5
2020-05-26 15:46:19.998,Altitude,-0.029066085815429688,101.02511596679688,5
2020-05-26 15:46:21.034,Altitude,-0.029066085815429688,101.02511596679688,5
2020-05-26 15:46:22.069,Altitude,-0.03699302673339844,101.02519226074219,5
2020-05-26 15:46:23.108,Altitude,-0.06605720520019531,101.02555847167969,5
2020-05-26 15:46:24.145,Altitude,-0.06870079040527344,101.02558135986328,5
2020-05-26 15:46:25.335,Altitude,-0.06605720520019531,101.02555847167969,5
2020-05-26 15:46:32.382,Altitude,0.0,101.02452850341797,5
2020-05-26 15:46:33.419,Altitude,-0.018495559692382812,101.02474975585938,5
2020-05-26 15:46:34.456,Altitude,-0.036991119384765625,101.02497863769531,5
2020-05-26 15:46:35.491,Altitude,-0.06341552734375,101.02531433105469,5
2020-05-26 15:46:36.529,Altitude,-0.10569190979003906,101.02581024169922,5
2020-05-26 15:46:37.566,Altitude,-0.1109771728515625,101.02587127685547,5
2020-05-26 15:46:38.604,Altitude,-0.11361885070800781,101.02590942382812,5
2020-05-26 15:46:39.641,Altitude,-0.11361885070800781,101.02590942382812,5
2020-05-26 15:46:40.832,Altitude,-0.11361885070800781,101.02590942382812,5
2020-05-26 15:46:47.723,Altitude,0.0,101.02713775634766,5
2020-05-26 15:46:48.760,Altitude,0.0052852630615234375,101.02706909179688,5
2020-05-26 15:46:49.797,Altitude,0.010568618774414062,101.02700805664062,5
2020-05-26 15:46:50.833,Altitude,0.013212203979492188,101.02698516845703,5
2020-05-26 15:46:51.870,Altitude,0.04491996765136719,101.026611328125,5
2020-05-26 15:46:52.908,Altitude,0.05020332336425781,101.02654266357422,5
2020-05-26 15:46:53.945,Altitude,0.05020332336425781,101.02654266357422,5
2020-05-26 15:46:54.981,Altitude,0.03963470458984375,101.02666473388672,5
2020-05-26 15:46:56.176,Altitude,0.0158538818359375,101.0269546508789,5
2020-05-26 15:47:03.168,Altitude,0.0,101.02729034423828,5
2020-05-26 15:47:04.203,Altitude,0.002643585205078125,101.02725219726562,5
2020-05-26 15:47:05.240,Altitude,0.0,101.02729034423828,5
2020-05-26 15:47:06.278,Altitude,-0.03963470458984375,101.02776336669922,5
2020-05-26 15:47:07.314,Altitude,-0.03963470458984375,101.02776336669922,5
2020-05-26 15:47:08.351,Altitude,-0.018495559692382812,101.02751922607422,5
2020-05-26 15:47:09.388,Altitude,0.018497467041015625,101.02706146240234,5
2020-05-26 15:47:10.427,Altitude,0.050205230712890625,101.02670288085938,5
2020-05-26 15:47:11.617,Altitude,0.05284690856933594,101.02666473388672,5
2020-05-26 15:47:18.611,Altitude,0.0,101.02433776855469,5
2020-05-26 15:47:19.647,Altitude,-0.060771942138671875,101.02507019042969,5
2020-05-26 15:47:20.684,Altitude,-0.12154579162597656,101.02581024169922,5
2020-05-26 15:47:21.720,Altitude,-0.18496131896972656,101.02655029296875,5
2020-05-26 15:47:22.759,Altitude,-0.19024658203125,101.0266342163086,5
2020-05-26 15:47:23.796,Altitude,-0.20345687866210938,101.02677917480469,5
2020-05-26 15:47:24.832,Altitude,-0.20345687866210938,101.02677917480469,5
2020-05-26 15:47:25.869,Altitude,-0.21402740478515625,101.02690124511719,5
2020-05-26 15:47:27.061,Altitude,-0.21931076049804688,101.02699279785156,5
2020-05-26 15:47:57.276,Altitude,0.0,101.02713775634766,6
2020-05-26 15:47:58.313,Altitude,-0.0158538818359375,101.02732849121094,6
2020-05-26 15:47:59.349,Altitude,-0.029066085815429688,101.02748107910156,6
2020-05-26 15:48:00.386,Altitude,-0.031707763671875,101.02752685546875,6
2020-05-26 15:48:01.424,Altitude,-0.034351348876953125,101.02754211425781,6
2020-05-26 15:48:02.461,Altitude,-0.034351348876953125,101.02754211425781,6
2020-05-26 15:48:03.499,Altitude,-0.0158538818359375,101.0273208618164,6
2020-05-26 15:48:04.535,Altitude,-0.0158538818359375,101.0273208618164,6
2020-05-26 15:48:05.726,Altitude,-0.04491996765136719,101.02767944335938,6
2020-05-26 15:48:12.617,Altitude,0.0,101.0263442993164,6
2020-05-26 15:48:13.653,Altitude,-0.013210296630859375,101.0264892578125,6
2020-05-26 15:48:14.691,Altitude,-0.02378082275390625,101.0266342163086,6
2020-05-26 15:48:15.728,Altitude,-0.052845001220703125,101.02696990966797,6
2020-05-26 15:48:16.764,Altitude,-0.052845001220703125,101.02696990966797,6
2020-05-26 15:48:17.801,Altitude,0.0052852630615234375,101.02629089355469,6
2020-05-26 15:48:18.841,Altitude,0.0475616455078125,101.0257797241211,6
2020-05-26 15:48:19.876,Altitude,0.06077384948730469,101.02562713623047,6
2020-05-26 15:48:21.068,Altitude,0.06077384948730469,101.02562713623047,6
2020-05-26 15:48:28.168,Altitude,0.0,101.02508544921875,6
2020-05-26 15:48:29.204,Altitude,0.0026416778564453125,101.02505493164062,6
2020-05-26 15:48:30.241,Altitude,0.0,101.02508544921875,6
2020-05-26 15:48:31.278,Altitude,-0.0052852630615234375,101.02513122558594,6
2020-05-26 15:48:32.315,Altitude,-0.00792694091796875,101.02517700195312,6
2020-05-26 15:48:33.350,Altitude,-0.0052852630615234375,101.02513122558594,6
2020-05-26 15:48:34.388,Altitude,0.0158538818359375,101.02489471435547,6
2020-05-26 15:48:35.425,Altitude,0.02378082275390625,101.02479553222656,6
2020-05-26 15:48:36.617,Altitude,0.02378082275390625,101.02479553222656,6
2020-05-26 15:48:43.612,Altitude,0.0,101.02483367919922,6
2020-05-26 15:48:44.649,Altitude,0.0158538818359375,101.0246353149414,6
2020-05-26 15:48:45.683,Altitude,0.029066085815429688,101.02446746826172,6
2020-05-26 15:48:46.719,Altitude,0.031707763671875,101.0244369506836,6
2020-05-26 15:48:47.757,Altitude,0.05284690856933594,101.02418518066406,6
2020-05-26 15:48:48.792,Altitude,0.06341743469238281,101.02405548095703,6
2020-05-26 15:48:49.831,Altitude,0.06341743469238281,101.02405548095703,6
2020-05-26 15:48:50.866,Altitude,0.08983993530273438,101.02373504638672,6
2020-05-26 15:48:52.058,Altitude,0.08983993530273438,101.02373504638672,6
2020-05-26 15:48:59.058,Altitude,0.0,101.02439880371094,6
2020-05-26 15:49:00.095,Altitude,-0.0158538818359375,101.02461242675781,6
2020-05-26 15:49:01.133,Altitude,-0.034351348876953125,101.02481842041016,6
2020-05-26 15:49:02.168,Altitude,-0.058132171630859375,101.02510833740234,6
2020-05-26 15:49:03.206,Altitude,-0.08983993530273438,101.02548217773438,6
2020-05-26 15:49:04.242,Altitude,-0.09776687622070312,101.02558898925781,6
2020-05-26 15:49:05.280,Altitude,-0.08983993530273438,101.02548217773438,6
2020-05-26 15:49:06.316,Altitude,-0.08191299438476562,101.02538299560547,6
2020-05-26 15:49:07.508,Altitude,-0.08191299438476562,101.02538299560547,6
2020-05-26 15:49:14.392,Altitude,0.0,101.02413177490234,6
2020-05-26 15:49:15.430,Altitude,-0.0158538818359375,101.02430725097656,6
2020-05-26 15:49:16.467,Altitude,-0.029066085815429688,101.02449035644531,6
2020-05-26 15:49:17.505,Altitude,-0.13740158081054688,101.0257568359375,6
2020-05-26 15:49:18.542,Altitude,-0.221954345703125,101.02679443359375,6
2020-05-26 15:49:19.580,Altitude,-0.221954345703125,101.02679443359375,6
2020-05-26 15:49:20.617,Altitude,-0.1876049041748047,101.02635955810547,6
2020-05-26 15:49:21.652,Altitude,-0.17703628540039062,101.02625274658203,6
2020-05-26 15:49:22.844,Altitude,-0.1743927001953125,101.02619934082031,6
2020-05-26 15:49:29.528,Altitude,0.0,101.02690887451172,6
2020-05-26 15:49:30.564,Altitude,0.018497467041015625,101.02667999267578,6
2020-05-26 15:49:31.601,Altitude,0.03963470458984375,101.02645111083984,6
2020-05-26 15:49:32.637,Altitude,0.03963470458984375,101.02645111083984,6
2020-05-26 15:49:33.676,Altitude,0.03699302673339844,101.02648162841797,6
2020-05-26 15:49:34.710,Altitude,0.026424407958984375,101.02659606933594,6
2020-05-26 15:49:35.748,Altitude,0.026424407958984375,101.02659606933594,6
2020-05-26 15:49:36.785,Altitude,0.07134246826171875,101.02606964111328,6
2020-05-26 15:49:37.975,Altitude,0.07398605346679688,101.0260238647461,6
2020-05-26 15:49:44.816,Altitude,0.0,101.0254135131836,6
2020-05-26 15:49:45.853,Altitude,-0.029066085815429688,101.02576446533203,6
2020-05-26 15:49:46.890,Altitude,-0.05813026428222656,101.02611541748047,6
2020-05-26 15:49:47.926,Altitude,-0.07662773132324219,101.02635192871094,6
2020-05-26 15:49:48.963,Altitude,-0.07662773132324219,101.02635192871094,6
2020-05-26 15:49:50.000,Altitude,-0.06077384948730469,101.0261459350586,6
2020-05-26 15:49:51.036,Altitude,-0.06077384948730469,101.02613830566406,6
2020-05-26 15:49:52.074,Altitude,-0.05548858642578125,101.0261001586914,6
2020-05-26 15:49:53.266,Altitude,-0.05548858642578125,101.02608489990234,6
2020-05-26 15:50:19.676,Altitude,0.0,101.02198028564453,8
2020-05-26 15:50:20.712,Altitude,-0.021139144897460938,101.02220916748047,8
2020-05-26 15:50:21.747,Altitude,-0.03963470458984375,101.0224380493164,8
2020-05-26 15:50:22.785,Altitude,-0.06870079040527344,101.02281188964844,8
2020-05-26 15:50:23.822,Altitude,-0.08191299438476562,101.0229721069336,8
2020-05-26 15:50:24.857,Altitude,-0.11362075805664062,101.02333068847656,8
2020-05-26 15:50:25.895,Altitude,-0.13211631774902344,101.02354431152344,8
2020-05-26 15:50:26.931,Altitude,-0.13211631774902344,101.02354431152344,8
2020-05-26 15:50:28.122,Altitude,-0.13211631774902344,101.0235366821289,8
2020-05-26 15:50:35.168,Altitude,0.0,101.02367401123047,8
2020-05-26 15:50:36.203,Altitude,-0.04756355285644531,101.02426147460938,8
2020-05-26 15:50:37.240,Altitude,-0.09776687622070312,101.02484130859375,8
2020-05-26 15:50:38.278,Altitude,-0.09776687622070312,101.02484130859375,8
2020-05-26 15:50:39.315,Altitude,-0.09512519836425781,101.02483367919922,8
2020-05-26 15:50:40.352,Altitude,-0.05549049377441406,101.02436065673828,8
2020-05-26 15:50:41.388,Altitude,-0.0052852630615234375,101.02374267578125,8
2020-05-26 15:50:42.425,Altitude,0.0,101.02369689941406,8
2020-05-26 15:50:43.616,Altitude,0.0,101.023681640625,8
2020-05-26 15:50:50.297,Altitude,0.0,101.02301788330078,8
2020-05-26 15:50:51.334,Altitude,-0.002643585205078125,101.02303314208984,8
2020-05-26 15:50:52.371,Altitude,0.0,101.02301788330078,8
2020-05-26 15:50:53.408,Altitude,0.021137237548828125,101.02275085449219,8
2020-05-26 15:50:54.445,Altitude,0.05020332336425781,101.02240753173828,8
2020-05-26 15:50:55.483,Altitude,0.05813026428222656,101.02233123779297,8
2020-05-26 15:50:56.519,Altitude,0.06605720520019531,101.02220916748047,8
2020-05-26 15:50:57.557,Altitude,0.06605720520019531,101.02220916748047,8
2020-05-26 15:50:58.747,Altitude,0.08719635009765625,101.02196502685547,8
2020-05-26 15:51:05.740,Altitude,0.0,101.02249145507812,8
2020-05-26 15:51:06.776,Altitude,-0.005283355712890625,101.02255249023438,8
2020-05-26 15:51:07.812,Altitude,0.0,101.02249145507812,8
2020-05-26 15:51:08.850,Altitude,0.031707763671875,101.02208709716797,8
2020-05-26 15:51:09.886,Altitude,0.05548858642578125,101.02180480957031,8
2020-05-26 15:51:10.927,Altitude,0.06605911254882812,101.02168273925781,8
2020-05-26 15:51:11.962,Altitude,0.06870079040527344,101.02165222167969,8
2020-05-26 15:51:12.998,Altitude,0.06870079040527344,101.02165222167969,8
2020-05-26 15:51:14.188,Altitude,0.058132171630859375,101.02178192138672,8
2020-05-26 15:51:21.081,Altitude,0.0,101.02218627929688,8
2020-05-26 15:51:22.118,Altitude,0.010570526123046875,101.02207946777344,8
2020-05-26 15:51:23.155,Altitude,0.00792694091796875,101.02210235595703,8
2020-05-26 15:51:24.193,Altitude,0.018497467041015625,101.02198028564453,8
2020-05-26 15:51:25.228,Altitude,0.018497467041015625,101.02195739746094,8
2020-05-26 15:51:26.265,Altitude,0.031707763671875,101.0218276977539,8
2020-05-26 15:51:27.301,Altitude,0.058132171630859375,101.02149963378906,8
2020-05-26 15:51:28.338,Altitude,0.058132171630859375,101.021484375,8
2020-05-26 15:51:29.529,Altitude,0.06341552734375,101.02143859863281,8
2020-05-26 15:51:36.526,Altitude,0.0,101.02018737792969,8
2020-05-26 15:51:37.562,Altitude,-0.013212203979492188,101.02035522460938,8
2020-05-26 15:51:38.600,Altitude,-0.029066085815429688,101.0205307006836,8
2020-05-26 15:51:39.635,Altitude,-0.03699302673339844,101.0206527709961,8
2020-05-26 15:51:40.672,Altitude,-0.06870079040527344,101.02102661132812,8
2020-05-26 15:51:41.708,Altitude,-0.03699302673339844,101.0206527709961,8
2020-05-26 15:51:42.744,Altitude,-0.06870079040527344,101.02102661132812,8
2020-05-26 15:51:43.779,Altitude,-0.07134437561035156,101.02104949951172,8
2020-05-26 15:51:44.972,Altitude,-0.07398605346679688,101.02110290527344,8
2020-05-26 15:51:51.866,Altitude,0.0,101.02137756347656,8
2020-05-26 15:51:52.904,Altitude,0.0158538818359375,101.02118682861328,8
2020-05-26 15:51:53.941,Altitude,0.031707763671875,101.02100372314453,8
2020-05-26 15:51:54.978,Altitude,0.031707763671875,101.02100372314453,8
2020-05-26 15:51:56.015,Altitude,0.031707763671875,101.02100372314453,8
2020-05-26 15:51:57.058,Altitude,0.031707763671875,101.02100372314453,8
2020-05-26 15:51:58.091,Altitude,0.06870079040527344,101.0205307006836,8
2020-05-26 15:51:59.128,Altitude,0.06870079040527344,101.0205307006836,8
2020-05-26 15:52:00.318,Altitude,0.06605911254882812,101.02058410644531,8
2020-05-26 15:52:07.362,Altitude,0.0,101.02130126953125,8
2020-05-26 15:52:08.399,Altitude,0.03699302673339844,101.0208740234375,8
2020-05-26 15:52:09.435,Altitude,0.05548858642578125,101.02063751220703,8
2020-05-26 15:52:10.475,Altitude,0.05548858642578125,101.02063751220703,8
2020-05-26 15:52:11.512,Altitude,0.05548858642578125,101.02063751220703,8
2020-05-26 15:52:12.546,Altitude,0.06077384948730469,101.02056884765625,8
2020-05-26 15:52:13.584,Altitude,0.09248161315917969,101.02021026611328,8
2020-05-26 15:52:14.620,Altitude,0.09248161315917969,101.02021026611328,8
2020-05-26 15:52:15.811,Altitude,0.09248161315917969,101.02021026611328,8
