2020-05-26 16:27:01.529,Altitude,0.0,100.99742126464844,10
2020-05-26 16:27:02.563,Altitude,0.005283355712890625,100.99736022949219,10
2020-05-26 16:27:03.600,Altitude,0.013210296630859375,100.9972915649414,10
2020-05-26 16:27:04.637,Altitude,0.013210296630859375,100.9972915649414,10
2020-05-26 16:27:05.673,Altitude,0.0,100.9974365234375,10
2020-05-26 16:27:06.712,Altitude,-0.0158538818359375,100.99761199951172,10
2020-05-26 16:27:07.749,Altitude,-0.050205230712890625,100.9980239868164,10
2020-05-26 16:27:08.785,Altitude,-0.08983993530273438,100.9985122680664,10
2020-05-26 16:27:09.977,Altitude,-0.10040855407714844,100.99864196777344,10
2020-05-26 16:27:16.922,Altitude,0.0,101.00004577636719,10
2020-05-26 16:27:17.961,Altitude,0.018495559692382812,100.99984741210938,10
2020-05-26 16:27:18.998,Altitude,0.03434944152832031,100.9996566772461,10
2020-05-26 16:27:20.034,Altitude,0.095123291015625,100.99891662597656,10
2020-05-26 16:27:21.072,Altitude,0.16910743713378906,100.998046875,10
2020-05-26 16:27:22.116,Altitude,0.2034587860107422,100.99764251708984,10
2020-05-26 16:27:23.146,Altitude,0.24837684631347656,100.9970932006836,10
2020-05-26 16:27:24.183,Altitude,0.24837684631347656,100.9970932006836,10
2020-05-26 16:27:25.374,Altitude,0.2351665496826172,100.99723815917969,10
2020-05-26 16:27:32.371,Altitude,0.0,101.00120544433594,10
2020-05-26 16:27:33.407,Altitude,0.07134437561035156,101.00035095214844,10
2020-05-26 16:27:34.443,Altitude,0.1426868438720703,100.99949645996094,10
2020-05-26 16:27:35.481,Altitude,0.17967796325683594,100.99903106689453,10
2020-05-26 16:27:36.516,Altitude,0.19817543029785156,100.99882507324219,10
2020-05-26 16:27:37.553,Altitude,0.19817543029785156,100.99882507324219,10
2020-05-26 16:27:38.590,Altitude,0.19817543029785156,100.99882507324219,10
2020-05-26 16:27:39.626,Altitude,0.19553184509277344,100.99884033203125,10
2020-05-26 16:27:40.817,Altitude,0.19553184509277344,100.99884033203125,10
2020-05-26 16:27:47.607,Altitude,0.0,100.99806213378906,10
2020-05-26 16:27:48.644,Altitude,0.010568618774414062,100.99795532226562,10
2020-05-26 16:27:49.679,Altitude,0.0026416778564453125,100.998046875,10
2020-05-26 16:27:50.716,Altitude,0.0026416778564453125,100.998046875,10
2020-05-26 16:27:51.752,Altitude,-0.02378082275390625,100.99834442138672,10
2020-05-26 16:27:52.790,Altitude,-0.02378082275390625,100.99834442138672,10
2020-05-26 16:27:53.829,Altitude,-0.021139144897460938,100.99832153320312,10
2020-05-26 16:27:54.863,Altitude,-0.021139144897460938,100.99832153320312,10
2020-05-26 16:27:56.056,Altitude,-0.018497467041015625,100.99830627441406,10
2020-05-26 16:28:03.000,Altitude,0.0,100.99836730957031,10
2020-05-26 16:28:04.035,Altitude,-0.021137237548828125,100.99862670898438,10
2020-05-26 16:28:05.071,Altitude,-0.04227638244628906,100.9988784790039,10
2020-05-26 16:28:06.108,Altitude,-0.04227638244628906,100.9988784790039,10
2020-05-26 16:28:07.143,Altitude,-0.044918060302734375,100.99891662597656,10
2020-05-26 16:28:08.180,Altitude,-0.031707763671875,100.99876403808594,10
2020-05-26 16:28:09.216,Altitude,-0.026422500610351562,100.99868774414062,10
2020-05-26 16:28:10.253,Altitude,0.042278289794921875,100.99787902832031,10
2020-05-26 16:28:11.445,Altitude,0.042278289794921875,100.99787902832031,10
2020-05-26 16:28:18.334,Altitude,0.0,100.99858093261719,10
2020-05-26 16:28:19.371,Altitude,-0.0026416778564453125,100.99861145019531,10
2020-05-26 16:28:20.409,Altitude,0.0,100.99858093261719,10
2020-05-26 16:28:21.444,Altitude,0.00792694091796875,100.99847412109375,10
2020-05-26 16:28:22.481,Altitude,0.029066085815429688,100.99821472167969,10
2020-05-26 16:28:23.519,Altitude,0.0475616455078125,100.99800109863281,10
2020-05-26 16:28:24.554,Altitude,0.031707763671875,100.9981918334961,10
2020-05-26 16:28:25.591,Altitude,0.03699302673339844,100.99813079833984,10
2020-05-26 16:28:26.782,Altitude,0.031707763671875,100.9981918334961,10
2020-05-26 16:28:33.829,Altitude,0.0,100.99882507324219,10
2020-05-26 16:28:34.865,Altitude,-0.00792694091796875,100.9989242553711,10
2020-05-26 16:28:35.901,Altitude,0.0,100.99882507324219,10
2020-05-26 16:28:36.939,Altitude,-0.0158538818359375,100.9990234375,10
2020-05-26 16:28:37.976,Altitude,0.0158538818359375,100.99862670898438,10
2020-05-26 16:28:39.014,Altitude,0.0026416778564453125,100.99879455566406,10
2020-05-26 16:28:40.050,Altitude,0.013210296630859375,100.99866485595703,10
2020-05-26 16:28:41.085,Altitude,0.0026416778564453125,100.99879455566406,10
2020-05-26 16:28:42.276,Altitude,0.013210296630859375,100.99866485595703,10
2020-05-26 16:28:49.323,Altitude,0.0,100.99703216552734,10
2020-05-26 16:28:50.361,Altitude,-0.02378082275390625,100.99730682373047,10
2020-05-26 16:28:51.397,Altitude,-0.0475616455078125,100.9975814819336,10
2020-05-26 16:28:52.433,Altitude,-0.12418937683105469,100.9985122680664,10
2020-05-26 16:28:53.470,Altitude,-0.12418937683105469,100.9985122680664,10
2020-05-26 16:28:54.508,Altitude,-0.1268310546875,100.99852752685547,10
2020-05-26 16:28:55.545,Altitude,-0.13211631774902344,100.99861907958984,10
2020-05-26 16:28:56.582,Altitude,-0.13211631774902344,100.99861907958984,10
2020-05-26 16:28:57.773,Altitude,-0.11362075805664062,100.99836730957031,10
2020-05-26 16:29:16.001,Altitude,0.0,100.99546813964844,12
2020-05-26 16:29:17.034,Altitude,0.02378082275390625,100.99517059326172,12
2020-05-26 16:29:18.074,Altitude,0.013212203979492188,100.99531555175781,12
2020-05-26 16:29:19.110,Altitude,0.013212203979492188,100.99531555175781,12
2020-05-26 16:29:20.146,Altitude,-0.044918060302734375,100.99600982666016,12
2020-05-26 16:29:21.184,Altitude,-0.06869888305664062,100.99628448486328,12
2020-05-26 16:29:22.219,Altitude,-0.07398414611816406,100.99636840820312,12
2020-05-26 16:29:23.256,Altitude,-0.08719635009765625,100.99651336669922,12
2020-05-26 16:29:24.449,Altitude,-0.08983802795410156,100.99654388427734,12
2020-05-26 16:29:31.340,Altitude,0.0,100.99776458740234,12
2020-05-26 16:29:32.376,Altitude,0.002643585205078125,100.99771118164062,12
2020-05-26 16:29:33.413,Altitude,0.0,100.99776458740234,12
2020-05-26 16:29:34.450,Altitude,0.0,100.99774169921875,12
2020-05-26 16:29:35.488,Altitude,0.0,100.99774169921875,12
2020-05-26 16:29:36.525,Altitude,0.02378082275390625,100.9974594116211,12
2020-05-26 16:29:37.560,Altitude,0.034351348876953125,100.99735260009766,12
2020-05-26 16:29:38.597,Altitude,0.034351348876953125,100.99735260009766,12
2020-05-26 16:29:39.787,Altitude,0.034351348876953125,100.99735260009766,12
2020-05-26 16:29:46.835,Altitude,0.0,100.99833679199219,12
2020-05-26 16:29:47.871,Altitude,-0.0052852630615234375,100.99842834472656,12
2020-05-26 16:29:48.907,Altitude,0.0,100.99833679199219,12
2020-05-26 16:29:49.945,Altitude,-0.0158538818359375,100.99852752685547,12
2020-05-26 16:29:50.982,Altitude,-0.02378082275390625,100.99862670898438,12
2020-05-26 16:29:52.018,Altitude,-0.029066085815429688,100.99870300292969,12
2020-05-26 16:29:53.055,Altitude,-0.029066085815429688,100.99870300292969,12
2020-05-26 16:29:54.090,Altitude,-0.029066085815429688,100.99870300292969,12
2020-05-26 16:29:55.283,Altitude,-0.021139144897460938,100.99859619140625,12
2020-05-26 16:30:02.384,Altitude,0.0,100.99839782714844,12
2020-05-26 16:30:03.421,Altitude,0.0158538818359375,100.9981918334961,12
2020-05-26 16:30:04.458,Altitude,0.034351348876953125,100.99798583984375,12
2020-05-26 16:30:05.495,Altitude,0.08719825744628906,100.9973373413086,12
2020-05-26 16:30:06.532,Altitude,0.10569381713867188,100.99713134765625,12
2020-05-26 16:30:07.566,Altitude,0.11890602111816406,100.99696350097656,12
2020-05-26 16:30:08.605,Altitude,0.11362075805664062,100.99700927734375,12
2020-05-26 16:30:09.643,Altitude,0.11890602111816406,100.99696350097656,12
2020-05-26 16:30:10.836,Altitude,0.13475990295410156,100.99678039550781,12
2020-05-26 16:30:17.833,Altitude,0.0,100.99615478515625,12
2020-05-26 16:30:18.870,Altitude,0.0026416778564453125,100.99613952636719,12
2020-05-26 16:30:19.905,Altitude,0.0052852630615234375,100.9961166381836,12
2020-05-26 16:30:20.943,Altitude,0.0052852630615234375,100.9961166381836,12
2020-05-26 16:30:21.979,Altitude,-0.026422500610351562,100.9964828491211,12
2020-05-26 16:30:23.016,Altitude,-0.03699302673339844,100.99662780761719,12
2020-05-26 16:30:24.054,Altitude,-0.06870079040527344,100.99698638916016,12
2020-05-26 16:30:25.089,Altitude,-0.06870079040527344,100.99698638916016,12
2020-05-26 16:30:26.280,Altitude,-0.03963470458984375,100.99663543701172,12
2020-05-26 16:30:33.325,Altitude,0.0,100.9963607788086,12
2020-05-26 16:30:34.362,Altitude,0.0026416778564453125,100.99632263183594,12
2020-05-26 16:30:35.399,Altitude,0.0,100.99634552001953,12
2020-05-26 16:30:36.436,Altitude,0.0052852630615234375,100.99629211425781,12
2020-05-26 16:30:37.475,Altitude,0.0158538818359375,100.99617004394531,12
2020-05-26 16:30:38.513,Altitude,0.02378082275390625,100.99608612060547,12
2020-05-26 16:30:39.547,Altitude,0.05813026428222656,100.99566650390625,12
2020-05-26 16:30:40.585,Altitude,0.05813026428222656,100.99566650390625,12
2020-05-26 16:30:41.777,Altitude,0.05284690856933594,100.9957275390625,12
2020-05-26 16:30:48.564,Altitude,0.0,100.99433135986328,12
2020-05-26 16:30:49.600,Altitude,0.0,100.99432373046875,12
2020-05-26 16:30:50.638,Altitude,0.0,100.99433135986328,12
2020-05-26 16:30:51.674,Altitude,-0.03170967102050781,100.99471282958984,12
2020-05-26 16:30:52.713,Altitude,-0.03170967102050781,100.99471282958984,12
2020-05-26 16:30:53.749,Altitude,-0.021139144897460938,100.99457550048828,12
2020-05-26 16:30:54.785,Altitude,-0.0158538818359375,100.9945297241211,12
2020-05-26 16:30:55.823,Altitude,-0.0158538818359375,100.9945297241211,12
2020-05-26 16:30:57.014,Altitude,-0.018497467041015625,100.99453735351562,12
2020-05-26 16:31:04.062,Altitude,0.0,100.99644470214844,12
2020-05-26 16:31:05.100,Altitude,0.02378082275390625,100.99615478515625,12
2020-05-26 16:31:06.136,Altitude,0.0475616455078125,100.9958724975586,12
2020-05-26 16:31:07.174,Altitude,0.08455467224121094,100.99545288085938,12
2020-05-26 16:31:08.212,Altitude,0.09776496887207031,100.99530029296875,12
2020-05-26 16:31:09.249,Altitude,0.09776496887207031,100.99530029296875,12
2020-05-26 16:31:10.284,Altitude,0.09776496887207031,100.99529266357422,12
2020-05-26 16:31:11.322,Altitude,0.08983802795410156,100.99539184570312,12
2020-05-26 16:31:12.513,Altitude,0.08983802795410156,100.99539184570312,12
2020-05-26 16:31:31.211,Altitude,0.0,100.9950180053711,15
2020-05-26 16:31:32.245,Altitude,0.00792694091796875,100.99491882324219,15
2020-05-26 16:31:33.281,Altitude,0.0052852630615234375,100.99494934082031,15
2020-05-26 16:31:34.319,Altitude,0.0052852630615234375,100.99494934082031,15
2020-05-26 16:31:35.356,Altitude,0.0052852630615234375,100.99494934082031,15
2020-05-26 16:31:36.392,Altitude,0.042278289794921875,100.9945297241211,15
2020-05-26 16:31:37.427,Altitude,0.042278289794921875,100.9945297241211,15
2020-05-26 16:31:38.464,Altitude,0.034351348876953125,100.99461364746094,15
2020-05-26 16:31:39.656,Altitude,0.034351348876953125,100.99461364746094,15
2020-05-26 16:31:46.751,Altitude,0.0,100.99333190917969,15
2020-05-26 16:31:47.788,Altitude,-0.005283355712890625,100.99337768554688,15
2020-05-26 16:31:48.825,Altitude,-0.010568618774414062,100.99343872070312,15
2020-05-26 16:31:49.860,Altitude,-0.010568618774414062,100.99343872070312,15
2020-05-26 16:31:50.897,Altitude,0.010570526123046875,100.99320220947266,15
2020-05-26 16:31:51.934,Altitude,0.034351348876953125,100.99291229248047,15
2020-05-26 16:31:52.972,Altitude,0.05548858642578125,100.9926528930664,15
2020-05-26 16:31:54.009,Altitude,0.07398605346679688,100.992431640625,15
2020-05-26 16:31:55.199,Altitude,0.09248161315917969,100.99221801757812,15
2020-05-26 16:32:02.143,Altitude,0.0,100.9917221069336,15
2020-05-26 16:32:03.178,Altitude,0.0026416778564453125,100.99170684814453,15
2020-05-26 16:32:04.216,Altitude,0.0,100.9917221069336,15
2020-05-26 16:32:05.252,Altitude,-0.031707763671875,100.99210357666016,15
2020-05-26 16:32:06.292,Altitude,-0.031707763671875,100.99210357666016,15
2020-05-26 16:32:07.326,Altitude,-0.05284690856933594,100.99236297607422,15
2020-05-26 16:32:08.362,Altitude,-0.026422500610351562,100.99205017089844,15
2020-05-26 16:32:09.400,Altitude,-0.03434944152832031,100.99214935302734,15
2020-05-26 16:32:10.591,Altitude,-0.026422500610351562,100.99205017089844,15
2020-05-26 16:32:17.482,Altitude,0.0,100.98739624023438,15
2020-05-26 16:32:18.519,Altitude,-0.03434944152832031,100.98780822753906,15
2020-05-26 16:32:19.554,Altitude,-0.06870079040527344,100.98822021484375,15
2020-05-26 16:32:20.592,Altitude,-0.09776496887207031,100.98858642578125,15
2020-05-26 16:32:21.628,Altitude,-0.12154579162597656,100.98883819580078,15
2020-05-26 16:32:22.665,Altitude,-0.1426849365234375,100.98908996582031,15
2020-05-26 16:32:23.702,Altitude,-0.1426849365234375,100.9891128540039,15
2020-05-26 16:32:24.739,Altitude,-0.1426849365234375,100.9891128540039,15
2020-05-26 16:32:25.930,Altitude,-0.17967796325683594,100.98954772949219,15
2020-05-26 16:32:32.663,Altitude,0.0,100.98942565917969,15
2020-05-26 16:32:33.701,Altitude,-0.05548858642578125,100.99010467529297,15
2020-05-26 16:32:34.737,Altitude,-0.11362075805664062,100.99078369140625,15
2020-05-26 16:32:35.775,Altitude,-0.16646766662597656,100.9914321899414,15
2020-05-26 16:32:36.812,Altitude,-0.24045181274414062,100.99231719970703,15
2020-05-26 16:32:37.848,Altitude,-0.2721595764160156,100.99266815185547,15
2020-05-26 16:32:38.884,Altitude,-0.2721595764160156,100.99266815185547,15
2020-05-26 16:32:39.923,Altitude,-0.27480125427246094,100.99270629882812,15
2020-05-26 16:32:41.115,Altitude,-0.27480125427246094,100.99270629882812,15
2020-05-26 16:32:48.159,Altitude,0.0,100.99408721923828,15
2020-05-26 16:32:49.197,Altitude,0.02378082275390625,100.99378967285156,15
2020-05-26 16:32:50.235,Altitude,0.0158538818359375,100.99388122558594,15
2020-05-26 16:32:51.271,Altitude,0.031707763671875,100.99370574951172,15
2020-05-26 16:32:52.308,Altitude,0.031707763671875,100.99370574951172,15
2020-05-26 16:32:53.348,Altitude,0.058132171630859375,100.99339294433594,15
2020-05-26 16:32:54.380,Altitude,0.058132171630859375,100.99339294433594,15
2020-05-26 16:32:55.417,Altitude,0.07662773132324219,100.99317169189453,15
2020-05-26 16:32:56.609,Altitude,0.10040855407714844,100.99288177490234,15
2020-05-26 16:33:03.499,Altitude,0.0,100.99136352539062,15
2020-05-26 16:33:04.536,Altitude,-0.018495559692382812,100.9915771484375,15
2020-05-26 16:33:05.574,Altitude,-0.021139144897460938,100.99162292480469,15
2020-05-26 16:33:06.611,Altitude,-0.031707763671875,100.99173736572266,15
2020-05-26 16:33:07.648,Altitude,-0.031707763671875,100.99173736572266,15
2020-05-26 16:33:08.683,Altitude,-0.03699302673339844,100.99180603027344,15
2020-05-26 16:33:09.719,Altitude,-0.04491996765136719,100.99190521240234,15
2020-05-26 16:33:10.756,Altitude,-0.03699302673339844,100.99180603027344,15
2020-05-26 16:33:11.946,Altitude,-0.04227638244628906,100.99185943603516,15
2020-05-26 16:33:19.044,Altitude,0.0,100.99249267578125,15
2020-05-26 16:33:20.081,Altitude,0.018495559692382812,100.99227905273438,15
2020-05-26 16:33:21.117,Altitude,0.010568618774414062,100.99237823486328,15
2020-05-26 16:33:22.153,Altitude,0.03434944152832031,100.99208068847656,15
2020-05-26 16:33:23.189,Altitude,0.03434944152832031,100.99208068847656,15
2020-05-26 16:33:24.228,Altitude,0.03434944152832031,100.99208068847656,15
2020-05-26 16:33:25.263,Altitude,0.031707763671875,100.99213409423828,15
2020-05-26 16:33:26.300,Altitude,0.021139144897460938,100.99224090576172,15
2020-05-26 16:33:27.491,Altitude,0.031707763671875,100.99213409423828,15
2020-05-26 16:05:49.397,Altitude,0.0,101.01875305175781,3
2020-05-26 16:05:50.431,Altitude,0.0158538818359375,101.0185546875,3
2020-05-26 16:05:51.469,Altitude,0.031707763671875,101.01835632324219,3
2020-05-26 16:05:52.506,Altitude,0.0792694091796875,101.0177993774414,3
2020-05-26 16:05:53.543,Altitude,0.0792694091796875,101.01778411865234,3
2020-05-26 16:05:54.580,Altitude,0.1109771728515625,101.01739501953125,3
2020-05-26 16:05:55.615,Altitude,0.14532852172851562,101.01701354980469,3
2020-05-26 16:05:56.653,Altitude,0.14532852172851562,101.01700592041016,3
2020-05-26 16:05:57.843,Altitude,0.22723960876464844,101.0160140991211,3
2020-05-26 16:06:04.892,Altitude,0.0,101.01354217529297,3
2020-05-26 16:06:05.928,Altitude,0.0,101.01356506347656,3
2020-05-26 16:06:06.965,Altitude,-0.0026416778564453125,101.01358795166016,3
2020-05-26 16:06:08.002,Altitude,-0.044918060302734375,101.01409149169922,3
2020-05-26 16:06:09.037,Altitude,-0.05813026428222656,101.01423645019531,3
2020-05-26 16:06:10.075,Altitude,-0.095123291015625,101.01468658447266,3
2020-05-26 16:06:11.111,Altitude,-0.1294727325439453,101.0151138305664,3
2020-05-26 16:06:12.147,Altitude,-0.13475799560546875,101.01517486572266,3
2020-05-26 16:06:13.340,Altitude,-0.13211631774902344,101.01514434814453,3
2020-05-26 16:06:20.285,Altitude,0.0,101.01432037353516,3
2020-05-26 16:06:21.323,Altitude,-0.00792694091796875,101.01438903808594,3
2020-05-26 16:06:22.360,Altitude,-0.013212203979492188,101.01446533203125,3
2020-05-26 16:06:23.396,Altitude,-0.05284690856933594,101.01495361328125,3
2020-05-26 16:06:24.433,Altitude,-0.06870079040527344,101.01514434814453,3
2020-05-26 16:06:25.469,Altitude,-0.07134246826171875,101.0151596069336,3
2020-05-26 16:06:26.506,Altitude,-0.08719635009765625,101.01535034179688,3
2020-05-26 16:06:27.545,Altitude,-0.08719635009765625,101.01535034179688,3
2020-05-26 16:06:28.736,Altitude,-0.08191108703613281,101.0152816772461,3
2020-05-26 16:06:35.736,Altitude,0.0,101.01750946044922,3
2020-05-26 16:06:36.773,Altitude,0.03699302673339844,101.01707458496094,3
2020-05-26 16:06:37.810,Altitude,0.07398605346679688,101.01663208007812,3
2020-05-26 16:06:38.846,Altitude,0.1558971405029297,101.01564025878906,3
2020-05-26 16:06:39.884,Altitude,0.22459793090820312,101.01481628417969,3
2020-05-26 16:06:40.921,Altitude,0.2563056945800781,101.0144271850586,3
2020-05-26 16:06:41.957,Altitude,0.2563056945800781,101.0144271850586,3
2020-05-26 16:06:42.993,Altitude,0.2378082275390625,101.01465606689453,3
2020-05-26 16:06:44.185,Altitude,0.22723960876464844,101.01478576660156,3
2020-05-26 16:06:51.183,Altitude,0.0,101.0144271850586,3
2020-05-26 16:06:52.220,Altitude,0.013212203979492188,101.0142822265625,3
2020-05-26 16:06:53.257,Altitude,0.02378082275390625,101.01414489746094,3
2020-05-26 16:06:54.295,Altitude,0.02378082275390625,101.01414489746094,3
2020-05-26 16:06:55.332,Altitude,0.021139144897460938,101.0141830444336,3
2020-05-26 16:06:56.367,Altitude,-0.018497467041015625,101.01465606689453,3
2020-05-26 16:06:57.406,Altitude,-0.018497467041015625,101.01465606689453,3
2020-05-26 16:06:58.443,Altitude,0.0,101.01444244384766,3
2020-05-26 16:06:59.634,Altitude,0.0,101.01444244384766,3
2020-05-26 16:07:06.686,Altitude,0.0,101.01579284667969,3
2020-05-26 16:07:07.723,Altitude,0.04491996765136719,101.01526641845703,3
2020-05-26 16:07:08.759,Altitude,0.08719635009765625,101.01473999023438,3
2020-05-26 16:07:09.796,Altitude,0.1426868438720703,101.01408386230469,3
2020-05-26 16:07:10.832,Altitude,0.19289016723632812,101.01347351074219,3
2020-05-26 16:07:11.869,Altitude,0.19289016723632812,101.01347351074219,3
2020-05-26 16:07:12.905,Altitude,0.2378101348876953,101.01295471191406,3
2020-05-26 16:07:13.941,Altitude,0.2563056945800781,101.0127182006836,3
2020-05-26 16:07:15.135,Altitude,0.2668743133544922,101.01258850097656,3
2020-05-26 16:07:22.134,Altitude,0.0,101.01326751708984,3
2020-05-26 16:07:23.168,Altitude,0.050205230712890625,101.01266479492188,3
2020-05-26 16:07:24.205,Altitude,0.10040855407714844,101.01206970214844,3
2020-05-26 16:07:25.241,Altitude,0.158538818359375,101.01136779785156,3
2020-05-26 16:07:26.280,Altitude,0.19553184509277344,101.01094055175781,3
2020-05-26 16:07:27.318,Altitude,0.19817543029785156,101.01087951660156,3
2020-05-26 16:07:28.353,Altitude,0.20081710815429688,101.01084899902344,3
2020-05-26 16:07:29.392,Altitude,0.2061023712158203,101.01079559326172,3
2020-05-26 16:07:30.581,Altitude,0.21138572692871094,101.01073455810547,3
2020-05-26 16:07:37.638,Altitude,0.0,101.01155090332031,3
2020-05-26 16:07:38.675,Altitude,0.013212203979492188,101.01139831542969,3
2020-05-26 16:07:39.710,Altitude,0.018497467041015625,101.01133728027344,3
2020-05-26 16:07:40.748,Altitude,0.018497467041015625,101.01133728027344,3
2020-05-26 16:07:41.784,Altitude,-0.010568618774414062,101.01168060302734,3
2020-05-26 16:07:42.822,Altitude,-0.010568618774414062,101.01168060302734,3
2020-05-26 16:07:43.858,Altitude,0.002643585205078125,101.01152038574219,3
2020-05-26 16:07:44.894,Altitude,0.002643585205078125,101.01152038574219,3
2020-05-26 16:07:46.086,Altitude,-0.0026416778564453125,101.0115737915039,3
2020-05-26 16:08:09.513,Altitude,0.0,101.01665496826172,4
2020-05-26 16:08:10.549,Altitude,0.010570526123046875,101.01652526855469,4
2020-05-26 16:08:11.586,Altitude,0.0052852630615234375,101.01658630371094,4
2020-05-26 16:08:12.621,Altitude,0.0052852630615234375,101.01658630371094,4
2020-05-26 16:08:13.658,Altitude,0.0052852630615234375,101.01658630371094,4
2020-05-26 16:08:14.694,Altitude,-0.010568618774414062,101.01678466796875,4
2020-05-26 16:08:15.732,Altitude,-0.010568618774414062,101.01678466796875,4
2020-05-26 16:08:16.768,Altitude,-0.02378082275390625,101.01695251464844,4
2020-05-26 16:08:17.958,Altitude,-0.02378082275390625,101.01695251464844,4
2020-05-26 16:08:24.854,Altitude,0.0,101.01652526855469,4
2020-05-26 16:08:25.891,Altitude,0.0026416778564453125,101.0165023803711,4
2020-05-26 16:08:26.928,Altitude,0.005283355712890625,101.0164794921875,4
2020-05-26 16:08:27.964,Altitude,0.021137237548828125,101.01628875732422,4
2020-05-26 16:08:29.001,Altitude,0.029064178466796875,101.01617431640625,4
2020-05-26 16:08:30.038,Altitude,0.05020332336425781,101.01591491699219,4
2020-05-26 16:08:31.075,Altitude,0.05020332336425781,101.01591491699219,4
2020-05-26 16:08:32.113,Altitude,0.021137237548828125,101.01628875732422,4
2020-05-26 16:08:33.303,Altitude,0.021137237548828125,101.01628875732422,4
2020-05-26 16:08:40.306,Altitude,0.0,101.01487731933594,4
2020-05-26 16:08:41.342,Altitude,-0.013212203979492188,101.01502990722656,4
2020-05-26 16:08:42.381,Altitude,-0.02378082275390625,101.01518249511719,4
2020-05-26 16:08:43.415,Altitude,-0.05548858642578125,101.01554107666016,4
2020-05-26 16:08:44.452,Altitude,-0.05548858642578125,101.01554107666016,4
2020-05-26 16:08:45.490,Altitude,-0.04491996765136719,101.01542663574219,4
2020-05-26 16:08:46.525,Altitude,-0.021139144897460938,101.01514434814453,4
2020-05-26 16:08:47.564,Altitude,-0.021139144897460938,101.01512908935547,4
2020-05-26 16:08:48.755,Altitude,0.0026416778564453125,101.01486206054688,4
2020-05-26 16:08:55.805,Altitude,0.0,101.01435852050781,4
2020-05-26 16:08:56.843,Altitude,0.0052852630615234375,101.0143051147461,4
2020-05-26 16:08:57.879,Altitude,0.010570526123046875,101.0142593383789,4
2020-05-26 16:08:58.915,Altitude,0.010570526123046875,101.0142593383789,4
2020-05-26 16:08:59.954,Altitude,-0.00792694091796875,101.01448059082031,4
2020-05-26 16:09:00.991,Altitude,-0.036991119384765625,101.01481628417969,4
2020-05-26 16:09:02.027,Altitude,-0.06341552734375,101.01514434814453,4
2020-05-26 16:09:03.065,Altitude,-0.08191108703613281,101.01536560058594,4
2020-05-26 16:09:04.256,Altitude,-0.08455276489257812,101.01539611816406,4
2020-05-26 16:09:11.308,Altitude,0.0,101.01654052734375,4
2020-05-26 16:09:12.346,Altitude,0.013210296630859375,101.01637268066406,4
2020-05-26 16:09:13.382,Altitude,0.026422500610351562,101.0162124633789,4
2020-05-26 16:09:14.419,Altitude,0.029064178466796875,101.01618194580078,4
2020-05-26 16:09:15.456,Altitude,0.05813026428222656,101.0158462524414,4
2020-05-26 16:09:16.493,Altitude,0.08983802795410156,101.01543426513672,4
2020-05-26 16:09:17.529,Altitude,0.08983802795410156,101.01543426513672,4
2020-05-26 16:09:18.568,Altitude,0.05813026428222656,101.01583099365234,4
2020-05-26 16:09:19.760,Altitude,0.05813026428222656,101.01583099365234,4
2020-05-26 16:09:26.809,Altitude,0.0,101.01576232910156,4
2020-05-26 16:09:27.846,Altitude,0.0158538818359375,101.01557922363281,4
2020-05-26 16:09:28.883,Altitude,0.031707763671875,101.01538848876953,4
2020-05-26 16:09:29.920,Altitude,0.04227638244628906,101.0152587890625,4
2020-05-26 16:09:30.958,Altitude,0.07662582397460938,101.01486206054688,4
2020-05-26 16:09:31.994,Altitude,0.07662582397460938,101.01486206054688,4
2020-05-26 16:09:33.033,Altitude,0.08719635009765625,101.01470184326172,4
2020-05-26 16:09:34.072,Altitude,0.08191108703613281,101.0147933959961,4
2020-05-26 16:09:35.260,Altitude,0.08191108703613281,101.0147933959961,4
2020-05-26 16:09:42.310,Altitude,0.0,101.01657104492188,4
2020-05-26 16:09:43.349,Altitude,0.00792694091796875,101.01646423339844,4
2020-05-26 16:09:44.383,Altitude,0.0158538818359375,101.01636505126953,4
2020-05-26 16:09:45.419,Altitude,0.042278289794921875,101.01605224609375,4
2020-05-26 16:09:46.456,Altitude,0.06605911254882812,101.0157699584961,4
2020-05-26 16:09:47.493,Altitude,0.10833549499511719,101.01526641845703,4
2020-05-26 16:09:48.530,Altitude,0.10833549499511719,101.01526641845703,4
2020-05-26 16:09:49.565,Altitude,0.10833549499511719,101.01525115966797,4
2020-05-26 16:09:50.758,Altitude,0.10833549499511719,101.01527404785156,4
2020-05-26 16:09:57.757,Altitude,0.0,101.0161361694336,4
2020-05-26 16:09:58.794,Altitude,0.010568618774414062,101.01602172851562,4
2020-05-26 16:09:59.832,Altitude,0.0158538818359375,101.01595306396484,4
2020-05-26 16:10:00.868,Altitude,0.018495559692382812,101.01591491699219,4
2020-05-26 16:10:01.905,Altitude,0.0158538818359375,101.01595306396484,4
2020-05-26 16:10:02.942,Altitude,0.0026416778564453125,101.01610565185547,4
2020-05-26 16:10:03.978,Altitude,0.0026416778564453125,101.01610565185547,4
2020-05-26 16:10:05.015,Altitude,0.005283355712890625,101.01606750488281,4
2020-05-26 16:10:06.206,Altitude,0.005283355712890625,101.01606750488281,4
2020-05-26 16:17:00.792,Altitude,0.0,101.01128387451172,4
2020-05-26 16:17:01.832,Altitude,0.023782730102539062,101.01100158691406,4
2020-05-26 16:17:02.867,Altitude,0.04491996765136719,101.0107192993164,4
2020-05-26 16:17:03.904,Altitude,0.06605911254882812,101.01046752929688,4
2020-05-26 16:17:04.939,Altitude,0.07927131652832031,101.01032257080078,4
2020-05-26 16:17:05.976,Altitude,0.08983993530273438,101.01020050048828,4
2020-05-26 16:17:07.012,Altitude,0.08983993530273438,101.01020050048828,4
2020-05-26 16:17:08.049,Altitude,0.08983993530273438,101.01020050048828,4
2020-05-26 16:17:09.242,Altitude,0.10569381713867188,101.01001739501953,4
2020-05-26 16:17:16.079,Altitude,0.0,101.0096435546875,4
2020-05-26 16:17:17.116,Altitude,-0.00792694091796875,101.00970458984375,4
2020-05-26 16:17:18.155,Altitude,-0.010568618774414062,101.009765625,4
2020-05-26 16:17:19.189,Altitude,-0.026422500610351562,101.00993347167969,4
2020-05-26 16:17:20.226,Altitude,-0.026422500610351562,101.00993347167969,4
2020-05-26 16:17:21.263,Altitude,-0.02378082275390625,101.00991821289062,4
2020-05-26 16:17:22.298,Altitude,-0.02378082275390625,101.00991821289062,4
2020-05-26 16:17:23.335,Altitude,-0.04227638244628906,101.01011657714844,4
2020-05-26 16:17:24.525,Altitude,-0.04227638244628906,101.01011657714844,4
2020-05-26 16:17:31.571,Altitude,0.0,101.01161193847656,4
2020-05-26 16:17:32.607,Altitude,0.018495559692382812,101.01138305664062,4
2020-05-26 16:17:33.645,Altitude,0.03963470458984375,101.01115417480469,4
2020-05-26 16:17:34.681,Altitude,0.05813026428222656,101.01092529296875,4
2020-05-26 16:17:35.718,Altitude,0.08983802795410156,101.01052856445312,4
2020-05-26 16:17:36.756,Altitude,0.08983802795410156,101.01052856445312,4
2020-05-26 16:17:37.791,Altitude,0.07662773132324219,101.01071166992188,4
2020-05-26 16:17:38.828,Altitude,0.05813026428222656,101.01091766357422,4
2020-05-26 16:17:40.019,Altitude,0.05548858642578125,101.01097106933594,4
2020-05-26 16:17:47.117,Altitude,0.0,101.0064926147461,4
2020-05-26 16:17:48.153,Altitude,-0.06605720520019531,101.00728607177734,4
2020-05-26 16:17:49.190,Altitude,-0.13211631774902344,101.0080795288086,4
2020-05-26 16:17:50.225,Altitude,-0.21138572692871094,101.00902557373047,4
2020-05-26 16:17:51.263,Altitude,-0.25894737243652344,101.00959014892578,4
2020-05-26 16:17:52.298,Altitude,-0.2695159912109375,101.00972747802734,4
2020-05-26 16:17:53.336,Altitude,-0.27480125427246094,101.0097885131836,4
2020-05-26 16:17:54.374,Altitude,-0.2827281951904297,101.00985717773438,4
2020-05-26 16:17:55.564,Altitude,-0.2827281951904297,101.00985717773438,4
2020-05-26 16:18:02.611,Altitude,0.0,101.00857543945312,4
2020-05-26 16:18:03.649,Altitude,0.0026416778564453125,101.008544921875,4
2020-05-26 16:18:04.687,Altitude,0.0,101.00857543945312,4
2020-05-26 16:18:05.727,Altitude,-0.00792694091796875,101.00868225097656,4
2020-05-26 16:18:06.761,Altitude,-0.029066085815429688,101.0089340209961,4
2020-05-26 16:18:07.800,Altitude,-0.05813026428222656,101.00926208496094,4
2020-05-26 16:18:08.837,Altitude,-0.05813026428222656,101.00926971435547,4
2020-05-26 16:18:09.873,Altitude,-0.06341552734375,101.00934600830078,4
2020-05-26 16:18:11.064,Altitude,-0.06341552734375,101.00934600830078,4
2020-05-26 16:18:18.109,Altitude,0.0,101.0096664428711,4
2020-05-26 16:18:19.145,Altitude,0.02378082275390625,101.00936889648438,4
2020-05-26 16:18:20.182,Altitude,0.0475616455078125,101.00907135009766,4
2020-05-26 16:18:21.219,Altitude,0.10569190979003906,101.0083999633789,4
2020-05-26 16:18:22.256,Altitude,0.1294727325439453,101.00811004638672,4
2020-05-26 16:18:23.292,Altitude,0.1611804962158203,101.00773620605469,4
2020-05-26 16:18:24.328,Altitude,0.1717510223388672,101.00759887695312,4
2020-05-26 16:18:25.367,Altitude,0.1717510223388672,101.00759887695312,4
2020-05-26 16:18:26.558,Altitude,0.16646575927734375,101.0076675415039,4
2020-05-26 16:18:33.447,Altitude,0.0,101.00665283203125,4
2020-05-26 16:18:34.483,Altitude,-0.021139144897460938,101.00689697265625,4
2020-05-26 16:18:35.521,Altitude,-0.026424407958984375,101.00697326660156,4
2020-05-26 16:18:36.559,Altitude,-0.026424407958984375,101.00697326660156,4
2020-05-26 16:18:37.596,Altitude,-0.021139144897460938,101.00690460205078,4
2020-05-26 16:18:38.632,Altitude,0.0158538818359375,101.0064468383789,4
2020-05-26 16:18:39.669,Altitude,0.0158538818359375,101.0064468383789,4
2020-05-26 16:18:40.709,Altitude,0.03434944152832031,101.00624084472656,4
2020-05-26 16:18:41.899,Altitude,0.005283355712890625,101.00658416748047,4
2020-05-26 16:18:48.945,Altitude,0.0,101.00288391113281,4
2020-05-26 16:18:49.982,Altitude,-0.06605911254882812,101.003662109375,4
2020-05-26 16:18:51.017,Altitude,-0.12947463989257812,101.00443267822266,4
2020-05-26 16:18:52.054,Altitude,-0.21402931213378906,101.00543975830078,4
2020-05-26 16:18:53.090,Altitude,-0.24837875366210938,101.00585174560547,4
2020-05-26 16:18:54.129,Altitude,-0.26159095764160156,101.00602722167969,4
2020-05-26 16:18:55.163,Altitude,-0.2853717803955078,101.00630950927734,4
2020-05-26 16:18:56.201,Altitude,-0.3461437225341797,101.00702667236328,4
2020-05-26 16:18:57.391,Altitude,-0.3461437225341797,101.00702667236328,4
2020-05-26 16:10:24.401,Altitude,0.0,101.01484680175781,5
2020-05-26 16:10:25.437,Altitude,0.034351348876953125,101.01441955566406,5
2020-05-26 16:10:26.475,Altitude,0.07134437561035156,101.01399993896484,5
2020-05-26 16:10:27.512,Altitude,0.08191299438476562,101.01386260986328,5
2020-05-26 16:10:28.547,Altitude,0.10305213928222656,101.01361846923828,5
2020-05-26 16:10:29.585,Altitude,0.2034587860107422,101.01242065429688,5
2020-05-26 16:10:30.620,Altitude,0.24045181274414062,101.0119857788086,5
2020-05-26 16:10:31.658,Altitude,0.27480125427246094,101.01153564453125,5
2020-05-26 16:10:32.848,Altitude,0.27744483947753906,101.01152801513672,5
2020-05-26 16:10:39.847,Altitude,0.0,101.0110855102539,5
2020-05-26 16:10:40.884,Altitude,-0.013210296630859375,101.01124572753906,5
2020-05-26 16:10:41.921,Altitude,-0.010568618774414062,101.0112075805664,5
2020-05-26 16:10:42.958,Altitude,-0.026422500610351562,101.01140594482422,5
2020-05-26 16:10:43.994,Altitude,-0.018495559692382812,101.01129150390625,5
2020-05-26 16:10:45.032,Altitude,-0.018495559692382812,101.01129150390625,5
2020-05-26 16:10:46.068,Altitude,-0.018495559692382812,101.01129150390625,5
2020-05-26 16:10:47.105,Altitude,-0.0475616455078125,101.01166534423828,5
2020-05-26 16:10:48.297,Altitude,-0.052845001220703125,101.01172637939453,5
2020-05-26 16:10:55.297,Altitude,0.0,101.0108871459961,5
2020-05-26 16:10:56.335,Altitude,-0.04491996765136719,101.01141357421875,5
2020-05-26 16:10:57.371,Altitude,-0.08719825744628906,101.0119400024414,5
2020-05-26 16:10:58.408,Altitude,-0.17703628540039062,101.01301574707031,5
2020-05-26 16:10:59.442,Altitude,-0.22723960876464844,101.01360321044922,5
2020-05-26 16:11:00.480,Altitude,-0.22723960876464844,101.01360321044922,5
2020-05-26 16:11:01.517,Altitude,-0.22459793090820312,101.01359558105469,5
2020-05-26 16:11:02.553,Altitude,-0.15061378479003906,101.01268005371094,5
2020-05-26 16:11:03.744,Altitude,-0.14532852172851562,101.01263427734375,5
2020-05-26 16:11:10.795,Altitude,0.0,101.01268768310547,5
2020-05-26 16:11:11.832,Altitude,-0.03963470458984375,101.0131607055664,5
2020-05-26 16:11:12.869,Altitude,-0.0792694091796875,101.01363372802734,5
2020-05-26 16:11:13.905,Altitude,-0.14797019958496094,101.01445007324219,5
2020-05-26 16:11:14.943,Altitude,-0.21666908264160156,101.01528930664062,5
2020-05-26 16:11:15.983,Altitude,-0.2193126678466797,101.01531219482422,5
2020-05-26 16:11:17.015,Altitude,-0.2193126678466797,101.01531219482422,5
2020-05-26 16:11:18.052,Altitude,-0.16382408142089844,101.01466369628906,5
2020-05-26 16:11:19.244,Altitude,-0.14797019958496094,101.01445770263672,5
2020-05-26 16:11:26.296,Altitude,0.0,101.01492309570312,5
2020-05-26 16:11:27.333,Altitude,-0.010570526123046875,101.01504516601562,5
2020-05-26 16:11:28.369,Altitude,-0.021139144897460938,101.01516723632812,5
2020-05-26 16:11:29.405,Altitude,-0.02378082275390625,101.01520538330078,5
2020-05-26 16:11:30.441,Altitude,-0.02378082275390625,101.01520538330078,5
2020-05-26 16:11:31.482,Altitude,-0.018497467041015625,101.01514434814453,5
2020-05-26 16:11:32.519,Altitude,0.095123291015625,101.01375579833984,5
2020-05-26 16:11:33.555,Altitude,0.12418937683105469,101.0134048461914,5
2020-05-26 16:11:34.745,Altitude,0.13739967346191406,101.01326751708984,5
2020-05-26 16:11:41.796,Altitude,0.0,101.01390838623047,5
2020-05-26 16:11:42.832,Altitude,0.03963470458984375,101.01343536376953,5
2020-05-26 16:11:43.869,Altitude,0.05548858642578125,101.01322937011719,5
2020-05-26 16:11:44.905,Altitude,0.05548858642578125,101.01322937011719,5
2020-05-26 16:11:45.943,Altitude,0.02378082275390625,101.01362609863281,5
2020-05-26 16:11:46.983,Altitude,0.02378082275390625,101.01362609863281,5
2020-05-26 16:11:48.018,Altitude,0.029064178466796875,101.01356506347656,5
2020-05-26 16:11:49.055,Altitude,0.036991119384765625,101.01345825195312,5
2020-05-26 16:11:50.246,Altitude,0.044918060302734375,101.01335144042969,5
2020-05-26 16:11:57.299,Altitude,0.0,101.01400756835938,5
2020-05-26 16:11:58.334,Altitude,-0.029066085815429688,101.01434326171875,5
2020-05-26 16:11:59.370,Altitude,-0.058132171630859375,101.01467895507812,5
2020-05-26 16:12:00.406,Altitude,-0.1268329620361328,101.01551818847656,5
2020-05-26 16:12:01.444,Altitude,-0.1268329620361328,101.01551818847656,5
2020-05-26 16:12:02.481,Altitude,-0.10833549499511719,101.0152816772461,5
2020-05-26 16:12:03.519,Altitude,-0.10305213928222656,101.01521301269531,5
2020-05-26 16:12:04.555,Altitude,-0.06077384948730469,101.01470947265625,5
2020-05-26 16:12:05.746,Altitude,-0.013212203979492188,101.01414489746094,5
2020-05-26 16:12:12.797,Altitude,0.0,101.01190948486328,5
2020-05-26 16:12:13.833,Altitude,-0.04491996765136719,101.0124282836914,5
2020-05-26 16:12:14.870,Altitude,-0.08719635009765625,101.01294708251953,5
2020-05-26 16:12:15.905,Altitude,-0.21138572692871094,101.01444244384766,5
2020-05-26 16:12:16.942,Altitude,-0.21667098999023438,101.0145034790039,5
2020-05-26 16:12:17.984,Altitude,-0.21138572692871094,101.01444244384766,5
2020-05-26 16:12:19.018,Altitude,-0.17703628540039062,101.0140151977539,5
2020-05-26 16:12:20.053,Altitude,-0.17703628540039062,101.0140151977539,5
2020-05-26 16:12:21.243,Altitude,-0.20081710815429688,101.01431274414062,5
2020-05-26 16:19:24.517,Altitude,0.0,101.00511169433594,5
2020-05-26 16:19:25.554,Altitude,0.0,101.00509643554688,5
2020-05-26 16:19:26.592,Altitude,0.0,101.00511169433594,5
2020-05-26 16:19:27.627,Altitude,-0.018495559692382812,101.00531768798828,5
2020-05-26 16:19:28.664,Altitude,-0.06077384948730469,101.0058364868164,5
2020-05-26 16:19:29.701,Altitude,-0.06870079040527344,101.00592803955078,5
2020-05-26 16:19:30.736,Altitude,-0.08455467224121094,101.006103515625,5
2020-05-26 16:19:31.774,Altitude,-0.10305023193359375,101.00634002685547,5
2020-05-26 16:19:32.965,Altitude,-0.10833549499511719,101.00640869140625,5
2020-05-26 16:19:40.008,Altitude,0.0,101.0061264038086,5
2020-05-26 16:19:41.044,Altitude,0.018497467041015625,101.0058822631836,5
2020-05-26 16:19:42.081,Altitude,0.03963470458984375,101.0056381225586,5
2020-05-26 16:19:43.118,Altitude,0.04491996765136719,101.00555419921875,5
2020-05-26 16:19:44.154,Altitude,0.04491996765136719,101.00555419921875,5
2020-05-26 16:19:45.191,Altitude,0.03963470458984375,101.00563049316406,5
2020-05-26 16:19:46.228,Altitude,0.03963470458984375,101.00563049316406,5
2020-05-26 16:19:47.264,Altitude,0.07662773132324219,101.00519561767578,5
2020-05-26 16:19:48.453,Altitude,0.07662773132324219,101.00519561767578,5
2020-05-26 16:19:55.291,Altitude,0.0,101.00886535644531,5
2020-05-26 16:19:56.329,Altitude,0.05813026428222656,101.00816345214844,5
2020-05-26 16:19:57.364,Altitude,0.11626243591308594,101.00746154785156,5
2020-05-26 16:19:58.399,Altitude,0.21667098999023438,101.00625610351562,5
2020-05-26 16:19:59.435,Altitude,0.2563056945800781,101.00578308105469,5
2020-05-26 16:20:00.474,Altitude,0.2563056945800781,101.00578308105469,5
2020-05-26 16:20:01.511,Altitude,0.2563056945800781,101.00578308105469,5
2020-05-26 16:20:02.546,Altitude,0.2563056945800781,101.00578308105469,5
2020-05-26 16:20:03.737,Altitude,0.24837875366210938,101.00589752197266,5
2020-05-26 16:20:10.780,Altitude,0.0,101.00684356689453,5
2020-05-26 16:20:11.816,Altitude,0.013210296630859375,101.0066909790039,5
2020-05-26 16:20:12.853,Altitude,0.02378082275390625,101.00653839111328,5
2020-05-26 16:20:13.891,Altitude,0.060771942138671875,101.0061264038086,5
2020-05-26 16:20:14.927,Altitude,0.08983802795410156,101.00575256347656,5
2020-05-26 16:20:15.963,Altitude,0.08983802795410156,101.00575256347656,5
2020-05-26 16:20:17.001,Altitude,0.05020332336425781,101.00623321533203,5
2020-05-26 16:20:18.037,Altitude,0.05020332336425781,101.00623321533203,5
2020-05-26 16:20:19.230,Altitude,0.060771942138671875,101.0061264038086,5
2020-05-26 16:20:26.274,Altitude,0.0,101.00653839111328,5
2020-05-26 16:20:27.310,Altitude,0.03963470458984375,101.00606536865234,5
2020-05-26 16:20:28.346,Altitude,0.0792694091796875,101.0055923461914,5
2020-05-26 16:20:29.383,Altitude,0.14004135131835938,101.0048828125,5
2020-05-26 16:20:30.419,Altitude,0.17174911499023438,101.00450134277344,5
2020-05-26 16:20:31.457,Altitude,0.1743927001953125,101.00446319580078,5
2020-05-26 16:20:32.493,Altitude,0.2193126678466797,101.0039291381836,5
2020-05-26 16:20:33.531,Altitude,0.2245960235595703,101.00386810302734,5
2020-05-26 16:20:34.722,Altitude,0.22988128662109375,101.00379943847656,5
2020-05-26 16:20:41.613,Altitude,0.0,101.00460815429688,5
2020-05-26 16:20:42.650,Altitude,0.018497467041015625,101.00437927246094,5
2020-05-26 16:20:43.686,Altitude,0.03963470458984375,101.004150390625,5
2020-05-26 16:20:44.722,Altitude,0.08455467224121094,101.00361633300781,5
2020-05-26 16:20:45.761,Altitude,0.08455467224121094,101.00361633300781,5
2020-05-26 16:20:46.796,Altitude,0.09248161315917969,101.00352478027344,5
2020-05-26 16:20:47.833,Altitude,0.08191299438476562,101.00363159179688,5
2020-05-26 16:20:48.870,Altitude,0.08455467224121094,101.00361633300781,5
2020-05-26 16:20:50.065,Altitude,0.08455467224121094,101.00361633300781,5
2020-05-26 16:20:57.001,Altitude,0.0,101.00308227539062,5
2020-05-26 16:20:58.039,Altitude,-0.00792694091796875,101.00318908691406,5
2020-05-26 16:20:59.076,Altitude,-0.0158538818359375,101.0032958984375,5
2020-05-26 16:21:00.113,Altitude,-0.0158538818359375,101.0032958984375,5
2020-05-26 16:21:01.150,Altitude,-0.0026416778564453125,101.00313568115234,5
2020-05-26 16:21:02.185,Altitude,0.010570526123046875,101.00296783447266,5
2020-05-26 16:21:03.221,Altitude,0.010570526123046875,101.00296783447266,5
2020-05-26 16:21:04.259,Altitude,-0.0026416778564453125,101.00313568115234,5
2020-05-26 16:21:05.452,Altitude,-0.0026416778564453125,101.00313568115234,5
2020-05-26 16:21:12.492,Altitude,0.0,101.0029067993164,5
2020-05-26 16:21:13.529,Altitude,0.0,101.00289916992188,5
2020-05-26 16:21:14.565,Altitude,0.0,101.00289916992188,5
2020-05-26 16:21:15.601,Altitude,0.0475616455078125,101.00234985351562,5
2020-05-26 16:21:16.639,Altitude,0.05548858642578125,101.00225067138672,5
2020-05-26 16:21:17.674,Altitude,0.07398605346679688,101.00201416015625,5
2020-05-26 16:21:18.711,Altitude,0.07398605346679688,101.00201416015625,5
2020-05-26 16:21:19.747,Altitude,0.07662773132324219,101.00199127197266,5
2020-05-26 16:21:20.937,Altitude,0.058132171630859375,101.0022201538086,5
2020-05-26 16:12:43.432,Altitude,0.0,101.0158462524414,6
2020-05-26 16:12:44.467,Altitude,0.03434944152832031,101.01541900634766,6
2020-05-26 16:12:45.505,Altitude,0.07134246826171875,101.0149917602539,6
2020-05-26 16:12:46.543,Altitude,0.08983802795410156,101.01475524902344,6
2020-05-26 16:12:47.579,Altitude,0.12418937683105469,101.01433563232422,6
2020-05-26 16:12:48.616,Altitude,0.16646575927734375,101.01383972167969,6
2020-05-26 16:12:49.652,Altitude,0.20874404907226562,101.01332092285156,6
2020-05-26 16:12:50.688,Altitude,0.21402740478515625,101.0132827758789,6
2020-05-26 16:12:51.879,Altitude,0.24045181274414062,101.01294708251953,6
2020-05-26 16:12:58.826,Altitude,0.0,101.01165771484375,6
2020-05-26 16:12:59.865,Altitude,-0.018495559692382812,101.01188659667969,6
2020-05-26 16:13:00.901,Altitude,-0.03963470458984375,101.01212310791016,6
2020-05-26 16:13:01.938,Altitude,-0.09247970581054688,101.01277160644531,6
2020-05-26 16:13:02.975,Altitude,-0.12154579162597656,101.01309204101562,6
2020-05-26 16:13:04.013,Altitude,-0.12418746948242188,101.01314544677734,6
2020-05-26 16:13:05.049,Altitude,-0.15061187744140625,101.01345825195312,6
2020-05-26 16:13:06.087,Altitude,-0.15589523315429688,101.01351928710938,6
2020-05-26 16:13:07.277,Altitude,-0.18496131896972656,101.01386260986328,6
2020-05-26 16:13:14.331,Altitude,0.0,101.01444244384766,6
2020-05-26 16:13:15.367,Altitude,0.0158538818359375,101.01423645019531,6
2020-05-26 16:13:16.405,Altitude,0.031707763671875,101.0140380859375,6
2020-05-26 16:13:17.440,Altitude,0.031707763671875,101.0140380859375,6
2020-05-26 16:13:18.478,Altitude,0.031707763671875,101.0140380859375,6
2020-05-26 16:13:19.514,Altitude,0.031707763671875,101.0140380859375,6
2020-05-26 16:13:20.551,Altitude,0.05284690856933594,101.0138168334961,6
2020-05-26 16:13:21.588,Altitude,0.05284690856933594,101.0138168334961,6
2020-05-26 16:13:22.779,Altitude,0.03699302673339844,101.01399230957031,6
2020-05-26 16:13:29.831,Altitude,0.0,101.01396179199219,6
2020-05-26 16:13:30.867,Altitude,-0.018495559692382812,101.01419067382812,6
2020-05-26 16:13:31.903,Altitude,-0.018495559692382812,101.01417541503906,6
2020-05-26 16:13:32.941,Altitude,-0.029066085815429688,101.01432037353516,6
2020-05-26 16:13:33.978,Altitude,-0.029066085815429688,101.01432037353516,6
2020-05-26 16:13:35.022,Altitude,-0.042278289794921875,101.01448059082031,6
2020-05-26 16:13:36.052,Altitude,-0.07134246826171875,101.01481628417969,6
2020-05-26 16:13:37.088,Altitude,-0.07134246826171875,101.01481628417969,6
2020-05-26 16:13:38.279,Altitude,-0.07134246826171875,101.01481628417969,6
2020-05-26 16:13:45.280,Altitude,0.0,101.01433563232422,6
2020-05-26 16:13:46.317,Altitude,0.0026416778564453125,101.01431274414062,6
2020-05-26 16:13:47.353,Altitude,0.0,101.01433563232422,6
2020-05-26 16:13:48.389,Altitude,-0.04491996765136719,101.0148696899414,6
2020-05-26 16:13:49.426,Altitude,-0.058132171630859375,101.01502227783203,6
2020-05-26 16:13:50.463,Altitude,-0.1109771728515625,101.01567077636719,6
2020-05-26 16:13:51.499,Altitude,-0.1109771728515625,101.01567077636719,6
2020-05-26 16:13:52.537,Altitude,-0.1268310546875,101.015869140625,6
2020-05-26 16:13:53.726,Altitude,-0.1268310546875,101.015869140625,6
2020-05-26 16:14:00.777,Altitude,0.0,101.01612854003906,6
2020-05-26 16:14:01.813,Altitude,0.0026416778564453125,101.0160903930664,6
2020-05-26 16:14:02.850,Altitude,0.0052852630615234375,101.01605224609375,6
2020-05-26 16:14:03.888,Altitude,0.03434944152832031,101.01568603515625,6
2020-05-26 16:14:42.459,Altitude,0.0,101.01472473144531,6
2020-05-26 16:14:43.494,Altitude,-0.02378082275390625,101.01499938964844,6
2020-05-26 16:14:44.530,Altitude,-0.04491996765136719,101.01526641845703,6
2020-05-26 16:14:45.567,Altitude,-0.06870079040527344,101.01553344726562,6
2020-05-26 16:14:46.606,Altitude,-0.06870079040527344,101.01553344726562,6
2020-05-26 16:14:47.642,Altitude,-0.06870079040527344,101.01553344726562,6
2020-05-26 16:14:48.681,Altitude,-0.09776687622070312,101.01590728759766,6
2020-05-26 16:14:49.719,Altitude,-0.09776687622070312,101.01590728759766,6
2020-05-26 16:14:50.910,Altitude,-0.07134246826171875,101.01558685302734,6
2020-05-26 16:14:57.802,Altitude,0.0,101.0148696899414,6
2020-05-26 16:14:58.841,Altitude,0.018495559692382812,101.0146484375,6
2020-05-26 16:14:59.877,Altitude,0.0,101.0148696899414,6
2020-05-26 16:15:00.913,Altitude,-0.013212203979492188,101.01502227783203,6
2020-05-26 16:15:01.950,Altitude,-0.03699302673339844,101.01531982421875,6
2020-05-26 16:15:02.987,Altitude,-0.03699302673339844,101.01531982421875,6
2020-05-26 16:15:04.025,Altitude,0.02378082275390625,101.01459503173828,6
2020-05-26 16:15:05.062,Altitude,0.0475616455078125,101.01431274414062,6
2020-05-26 16:15:06.253,Altitude,0.14532852172851562,101.01312255859375,6
2020-05-26 16:15:13.350,Altitude,0.0,101.01234436035156,6
2020-05-26 16:15:14.388,Altitude,0.026422500610351562,101.01203918457031,6
2020-05-26 16:15:15.422,Altitude,0.018495559692382812,101.01212310791016,6
2020-05-26 16:15:16.459,Altitude,0.04491996765136719,101.01181030273438,6
2020-05-26 16:15:17.496,Altitude,0.031707763671875,101.01195526123047,6
2020-05-26 16:15:18.532,Altitude,0.031707763671875,101.01195526123047,6
2020-05-26 16:15:19.568,Altitude,0.0052852630615234375,101.01229095458984,6
2020-05-26 16:15:20.605,Altitude,-0.031707763671875,101.01271057128906,6
2020-05-26 16:15:21.796,Altitude,-0.04227638244628906,101.01286315917969,6
2020-05-26 16:15:28.843,Altitude,0.0,101.01377868652344,6
2020-05-26 16:15:29.879,Altitude,0.013212203979492188,101.01361083984375,6
2020-05-26 16:15:30.915,Altitude,0.029066085815429688,101.01343536376953,6
2020-05-26 16:15:31.953,Altitude,0.029066085815429688,101.01343536376953,6
2020-05-26 16:15:32.989,Altitude,0.026422500610351562,101.01344299316406,6
2020-05-26 16:15:34.024,Altitude,-0.00792694091796875,101.01386260986328,6
2020-05-26 16:15:35.062,Altitude,-0.00792694091796875,101.01386260986328,6
2020-05-26 16:15:36.098,Altitude,0.00792694091796875,101.01367950439453,6
2020-05-26 16:15:37.290,Altitude,0.026422500610351562,101.01344299316406,6
2020-05-26 16:15:44.336,Altitude,0.0,101.01339721679688,6
2020-05-26 16:15:45.374,Altitude,0.031707763671875,101.01301574707031,6
2020-05-26 16:15:46.412,Altitude,0.06341552734375,101.01264190673828,6
2020-05-26 16:15:47.447,Altitude,0.06341552734375,101.01264190673828,6
2020-05-26 16:15:48.483,Altitude,0.05284690856933594,101.01274108886719,6
2020-05-26 16:15:49.519,Altitude,0.03699302673339844,101.012939453125,6
2020-05-26 16:15:50.557,Altitude,0.026422500610351562,101.01306915283203,6
2020-05-26 16:15:51.594,Altitude,0.029066085815429688,101.01305389404297,6
2020-05-26 16:15:52.784,Altitude,0.029066085815429688,101.01305389404297,6
2020-05-26 16:15:59.830,Altitude,0.0,101.01356506347656,6
2020-05-26 16:16:00.867,Altitude,0.029066085815429688,101.01319122314453,6
2020-05-26 16:16:01.903,Altitude,0.06341552734375,101.01280212402344,6
2020-05-26 16:16:02.938,Altitude,0.11890411376953125,101.01213836669922,6
2020-05-26 16:16:03.976,Altitude,0.1268310546875,101.01203918457031,6
2020-05-26 16:16:05.014,Altitude,0.16382408142089844,101.0115966796875,6
2020-05-26 16:16:06.051,Altitude,0.18231964111328125,101.01136779785156,6
2020-05-26 16:16:07.087,Altitude,0.19553184509277344,101.0112075805664,6
2020-05-26 16:16:08.280,Altitude,0.2034587860107422,101.01111602783203,6
2020-05-26 16:16:15.276,Altitude,0.0,101.01296997070312,6
2020-05-26 16:16:16.314,Altitude,0.05548858642578125,101.01231384277344,6
2020-05-26 16:16:17.351,Altitude,0.1109771728515625,101.01166534423828,6
2020-05-26 16:16:18.387,Altitude,0.20081710815429688,101.01058959960938,6
2020-05-26 16:16:19.423,Altitude,0.2219562530517578,101.01033782958984,6
2020-05-26 16:16:20.460,Altitude,0.2351665496826172,101.0101547241211,6
2020-05-26 16:16:21.496,Altitude,0.2800865173339844,101.00962829589844,6
2020-05-26 16:16:22.534,Altitude,0.2853717803955078,101.00955963134766,6
2020-05-26 16:16:23.727,Altitude,0.2959403991699219,101.00943756103516,6
2020-05-26 16:16:30.718,Altitude,0.0,101.01040649414062,6
2020-05-26 16:16:31.753,Altitude,0.0,101.01042938232422,6
2020-05-26 16:16:32.789,Altitude,-0.002643585205078125,101.01045227050781,6
2020-05-26 16:16:33.828,Altitude,-0.002643585205078125,101.01045227050781,6
2020-05-26 16:16:34.865,Altitude,0.02378082275390625,101.01012420654297,6
2020-05-26 16:16:35.902,Altitude,0.031707763671875,101.01004028320312,6
2020-05-26 16:16:36.939,Altitude,0.031707763671875,101.01004028320312,6
2020-05-26 16:16:37.976,Altitude,0.0,101.01042175292969,6
2020-05-26 16:16:39.167,Altitude,0.0,101.01042175292969,6
2020-05-26 16:21:39.607,Altitude,0.0,101.0051498413086,6
2020-05-26 16:21:40.642,Altitude,0.03699302673339844,101.00469970703125,6
2020-05-26 16:21:41.679,Altitude,0.07662773132324219,101.00424194335938,6
2020-05-26 16:21:42.715,Altitude,0.08455467224121094,101.004150390625,6
2020-05-26 16:21:43.753,Altitude,0.09512519836425781,101.00401306152344,6
2020-05-26 16:21:44.789,Altitude,0.09512519836425781,101.00401306152344,6
2020-05-26 16:21:45.825,Altitude,0.09512519836425781,101.00401306152344,6
2020-05-26 16:21:46.862,Altitude,0.10040855407714844,101.00396728515625,6
2020-05-26 16:21:48.052,Altitude,0.11097908020019531,101.00382232666016,6
2020-05-26 16:21:54.989,Altitude,0.0,101.00326538085938,6
2020-05-26 16:21:56.026,Altitude,0.00792694091796875,101.00315856933594,6
2020-05-26 16:21:57.063,Altitude,0.0158538818359375,101.00305938720703,6
2020-05-26 16:21:58.101,Altitude,0.04227638244628906,101.00275421142578,6
2020-05-26 16:21:59.138,Altitude,0.04227638244628906,101.00275421142578,6
2020-05-26 16:22:00.174,Altitude,0.03434944152832031,101.00283813476562,6
2020-05-26 16:22:01.210,Altitude,0.031707763671875,101.00289154052734,6
2020-05-26 16:22:02.249,Altitude,0.031707763671875,101.00289154052734,6
2020-05-26 16:22:03.439,Altitude,0.03963470458984375,101.00279998779297,6
2020-05-26 16:22:10.273,Altitude,0.0,101.00270080566406,6
2020-05-26 16:22:11.309,Altitude,-0.0026416778564453125,101.00276184082031,6
2020-05-26 16:22:12.346,Altitude,-0.00792694091796875,101.0028305053711,6
2020-05-26 16:22:13.381,Altitude,-0.0475616455078125,101.0032958984375,6
2020-05-26 16:22:14.418,Altitude,-0.052845001220703125,101.00335693359375,6
2020-05-26 16:22:15.455,Altitude,-0.05548858642578125,101.00337982177734,6
2020-05-26 16:22:16.492,Altitude,-0.09776496887207031,101.0038833618164,6
2020-05-26 16:22:17.528,Altitude,-0.10305023193359375,101.00395965576172,6
2020-05-26 16:22:18.720,Altitude,-0.10569190979003906,101.00399017333984,6
2020-05-26 16:22:25.814,Altitude,0.0,101.00114440917969,6
2020-05-26 16:22:26.851,Altitude,-0.031707763671875,101.00151062011719,6
2020-05-26 16:22:27.888,Altitude,-0.05020332336425781,101.00173950195312,6
2020-05-26 16:22:28.928,Altitude,-0.06077384948730469,101.00187683105469,6
2020-05-26 16:22:29.962,Altitude,-0.07662773132324219,101.00204467773438,6
2020-05-26 16:22:30.999,Altitude,-0.13211631774902344,101.0027084350586,6
2020-05-26 16:22:32.035,Altitude,-0.13475799560546875,101.00276184082031,6
2020-05-26 16:22:33.072,Altitude,-0.1611804962158203,101.0030517578125,6
2020-05-26 16:22:34.264,Altitude,-0.18231964111328125,101.00331115722656,6
2020-05-26 16:22:41.311,Altitude,0.0,101.00157165527344,6
2020-05-26 16:22:42.347,Altitude,-0.03963470458984375,101.0020523071289,6
2020-05-26 16:22:43.383,Altitude,-0.07398414611816406,101.00248718261719,6
2020-05-26 16:22:44.421,Altitude,-0.07398414611816406,101.00248718261719,6
2020-05-26 16:22:45.456,Altitude,-0.05548858642578125,101.00225830078125,6
2020-05-26 16:22:46.496,Altitude,-0.05548858642578125,101.00225830078125,6
2020-05-26 16:22:47.528,Altitude,-0.08719635009765625,101.00263977050781,6
2020-05-26 16:22:48.564,Altitude,-0.10305023193359375,101.0028076171875,6
2020-05-26 16:22:49.755,Altitude,-0.1109771728515625,101.00289916992188,6
2020-05-26 16:22:56.804,Altitude,0.0,101.00396728515625,6
2020-05-26 16:22:57.840,Altitude,0.029066085815429688,101.00360107421875,6
2020-05-26 16:22:58.877,Altitude,0.06077384948730469,101.00324249267578,6
2020-05-26 16:22:59.911,Altitude,0.08455467224121094,101.0029296875,6
2020-05-26 16:23:00.950,Altitude,0.10040855407714844,101.00276184082031,6
2020-05-26 16:23:01.986,Altitude,0.1400432586669922,101.00226593017578,6
2020-05-26 16:23:03.022,Altitude,0.1400432586669922,101.00226593017578,6
2020-05-26 16:23:04.057,Altitude,0.11362075805664062,101.00260162353516,6
2020-05-26 16:23:05.249,Altitude,0.11362075805664062,101.00260162353516,6
2020-05-26 16:23:12.036,Altitude,0.0,100.999755859375,6
2020-05-26 16:23:13.073,Altitude,-0.031707763671875,101.00013732910156,6
2020-05-26 16:23:14.111,Altitude,-0.06341552734375,101.00051879882812,6
2020-05-26 16:23:15.146,Altitude,-0.10833549499511719,101.00102996826172,6
2020-05-26 16:23:16.183,Altitude,-0.12154769897460938,101.00121307373047,6
2020-05-26 16:23:17.221,Altitude,-0.12154769897460938,101.00121307373047,6
2020-05-26 16:23:18.260,Altitude,-0.09248161315917969,101.0008544921875,6
2020-05-26 16:23:19.295,Altitude,-0.09248161315917969,101.0008544921875,6
2020-05-26 16:23:20.488,Altitude,-0.08983802795410156,101.00080871582031,6
2020-05-26 16:23:27.379,Altitude,0.0,101.002197265625,6
2020-05-26 16:23:28.416,Altitude,0.03963470458984375,101.001708984375,6
2020-05-26 16:23:29.452,Altitude,0.0792694091796875,101.001220703125,6
2020-05-26 16:23:30.488,Altitude,0.09776687622070312,101.00102233886719,6
2020-05-26 16:23:31.525,Altitude,0.09776687622070312,101.00102233886719,6
2020-05-26 16:23:32.563,Altitude,0.11362075805664062,101.0008316040039,6
2020-05-26 16:23:33.601,Altitude,0.10833549499511719,101.00086975097656,6
2020-05-26 16:23:34.636,Altitude,0.11362075805664062,101.0008316040039,6
2020-05-26 16:23:35.830,Altitude,0.1426849365234375,101.00047302246094,6
2020-05-26 16:24:34.310,Altitude,0.0,100.99671173095703,8
2020-05-26 16:24:35.344,Altitude,-0.013210296630859375,100.99687194824219,8
2020-05-26 16:24:36.381,Altitude,-0.029064178466796875,100.99703979492188,8
2020-05-26 16:24:37.418,Altitude,-0.07662582397460938,100.99761199951172,8
2020-05-26 16:24:38.455,Altitude,-0.10040664672851562,100.9979248046875,8
2020-05-26 16:24:39.492,Altitude,-0.11361885070800781,100.99807739257812,8
2020-05-26 16:24:40.529,Altitude,-0.11890411376953125,100.99813842773438,8
2020-05-26 16:24:41.566,Altitude,-0.11890411376953125,100.99813842773438,8
2020-05-26 16:24:42.757,Altitude,-0.08719635009765625,100.99774932861328,8
2020-05-26 16:24:49.596,Altitude,0.0,100.99746704101562,8
2020-05-26 16:24:50.633,Altitude,-0.018495559692382812,100.99768829345703,8
2020-05-26 16:24:51.671,Altitude,-0.036991119384765625,100.99790954589844,8
2020-05-26 16:24:52.708,Altitude,-0.036991119384765625,100.99790954589844,8
2020-05-26 16:24:53.744,Altitude,-0.06341552734375,100.99821472167969,8
2020-05-26 16:24:54.782,Altitude,-0.06341552734375,100.99821472167969,8
2020-05-26 16:24:55.817,Altitude,-0.08455467224121094,100.99848175048828,8
2020-05-26 16:24:56.854,Altitude,-0.11626243591308594,100.99887084960938,8
2020-05-26 16:24:58.045,Altitude,-0.12154579162597656,100.99893951416016,8
2020-05-26 16:25:04.936,Altitude,0.0,100.99832916259766,8
2020-05-26 16:25:05.972,Altitude,-0.03699302673339844,100.99876403808594,8
2020-05-26 16:25:07.010,Altitude,-0.07398414611816406,100.99920654296875,8
2020-05-26 16:25:08.045,Altitude,-0.1109771728515625,100.9996566772461,8
2020-05-26 16:25:09.082,Altitude,-0.13211631774902344,100.99991607666016,8
2020-05-26 16:25:10.119,Altitude,-0.1109771728515625,100.9996566772461,8
2020-05-26 16:25:11.155,Altitude,-0.09248161315917969,100.99942016601562,8
2020-05-26 16:25:12.191,Altitude,-0.04491996765136719,100.99885559082031,8
2020-05-26 16:25:13.382,Altitude,-0.021139144897460938,100.99857330322266,8
2020-05-26 16:25:20.275,Altitude,0.0,100.99409484863281,8
2020-05-26 16:25:21.312,Altitude,-0.0792694091796875,100.99503326416016,8
2020-05-26 16:25:22.348,Altitude,-0.158538818359375,100.9959716796875,8
2020-05-26 16:25:23.383,Altitude,-0.2510204315185547,100.99707794189453,8
2020-05-26 16:25:24.420,Altitude,-0.26158905029296875,100.9972152709961,8
2020-05-26 16:25:25.459,Altitude,-0.28008460998535156,100.9974365234375,8
2020-05-26 16:25:26.497,Altitude,-0.31179237365722656,100.99781036376953,8
2020-05-26 16:25:27.533,Altitude,-0.31179237365722656,100.99781036376953,8
2020-05-26 16:25:28.724,Altitude,-0.31179237365722656,100.99781036376953,8
2020-05-26 16:25:35.775,Altitude,0.0,100.99845886230469,8
2020-05-26 16:25:36.810,Altitude,0.005283355712890625,100.99838256835938,8
2020-05-26 16:25:37.847,Altitude,0.010568618774414062,100.9983139038086,8
2020-05-26 16:25:38.885,Altitude,0.03434944152832031,100.998046875,8
2020-05-26 16:25:39.921,Altitude,0.06341552734375,100.99767303466797,8
2020-05-26 16:25:40.958,Altitude,0.08983802795410156,100.99736022949219,8
2020-05-26 16:25:41.995,Altitude,0.10833549499511719,100.99713897705078,8
2020-05-26 16:25:43.032,Altitude,0.2404499053955078,100.99555206298828,8
2020-05-26 16:25:44.224,Altitude,0.2563037872314453,100.99536895751953,8
2020-05-26 16:25:51.268,Altitude,0.0,100.99786376953125,8
2020-05-26 16:25:52.304,Altitude,-0.00792694091796875,100.99797058105469,8
2020-05-26 16:25:53.340,Altitude,-0.0158538818359375,100.99806213378906,8
2020-05-26 16:25:54.378,Altitude,-0.0158538818359375,100.99806213378906,8
2020-05-26 16:25:55.414,Altitude,0.0,100.99787902832031,8
2020-05-26 16:25:56.452,Altitude,0.0,100.99787902832031,8
2020-05-26 16:25:57.488,Altitude,-0.00792694091796875,100.99796295166016,8
2020-05-26 16:25:58.525,Altitude,-0.00792694091796875,100.99796295166016,8
2020-05-26 16:25:59.716,Altitude,0.0,100.99787139892578,8
2020-05-26 16:26:06.817,Altitude,0.0,100.9998779296875,8
2020-05-26 16:26:07.854,Altitude,0.04227638244628906,100.99935913085938,8
2020-05-26 16:26:08.891,Altitude,0.08455276489257812,100.99884796142578,8
2020-05-26 16:26:09.927,Altitude,0.12418746948242188,100.99838256835938,8
2020-05-26 16:26:10.965,Altitude,0.18496131896972656,100.99766540527344,8
2020-05-26 16:26:11.999,Altitude,0.23252296447753906,100.99708557128906,8
2020-05-26 16:26:13.035,Altitude,0.23252296447753906,100.99708557128906,8
2020-05-26 16:26:14.074,Altitude,0.23252296447753906,100.99708557128906,8
2020-05-26 16:26:15.264,Altitude,0.24309349060058594,100.99697875976562,8
2020-05-26 16:26:21.952,Altitude,0.0,101.00160217285156,8
2020-05-26 16:26:22.989,Altitude,0.08719635009765625,101.00057983398438,8
2020-05-26 16:26:24.026,Altitude,0.1717510223388672,100.99956512451172,8
2020-05-26 16:26:25.063,Altitude,0.2563056945800781,100.99854278564453,8
2020-05-26 16:26:26.098,Altitude,0.3144359588623047,100.99784088134766,8
2020-05-26 16:26:27.135,Altitude,0.3276481628417969,100.9976806640625,8
2020-05-26 16:26:28.172,Altitude,0.33821678161621094,100.99754333496094,8
2020-05-26 16:26:29.209,Altitude,0.3514289855957031,100.9974136352539,8
2020-05-26 16:26:30.401,Altitude,0.3804950714111328,100.99705505371094,8
