2020-05-26 16:29:14.939,scenario,structured_Test Protocol Full 
2020-05-26 16:29:30.286,scenario,structured_Test Protocol Full 
2020-05-26 16:29:45.787,scenario,structured_Test Protocol Full 
2020-05-26 16:30:01.294,scenario,structured_Test Protocol Full 
2020-05-26 16:30:16.753,scenario,structured_Test Protocol Full 
2020-05-26 16:30:32.253,scenario,structured_Test Protocol Full 
2020-05-26 16:30:47.486,scenario,structured_Test Protocol Full 
2020-05-26 16:31:02.998,scenario,structured_Test Protocol Full 
