2020-05-12 15:20:28.418,scenario,structured_Test Protocol Full 
2020-05-12 15:20:43.860,scenario,structured_Test Protocol Full 
2020-05-12 15:20:59.293,scenario,structured_Test Protocol Full 
2020-05-12 15:21:14.760,scenario,structured_Test Protocol Full 
2020-05-12 15:21:30.094,scenario,structured_Test Protocol Full 
2020-05-12 15:21:45.594,scenario,structured_Test Protocol Full 
2020-05-12 15:22:00.961,scenario,structured_Test Protocol Full 
2020-05-12 15:22:16.477,scenario,structured_Test Protocol Full 
