2020-05-12 15:20:28.417,subject,front pants pocket,standing,unknown
2020-05-12 15:20:43.859,subject,front pants pocket,standing,unknown
2020-05-12 15:20:59.293,subject,front pants pocket,standing,unknown
2020-05-12 15:21:14.760,subject,front pants pocket,standing,unknown
2020-05-12 15:21:30.093,subject,front pants pocket,standing,unknown
2020-05-12 15:21:45.593,subject,front pants pocket,standing,unknown
2020-05-12 15:22:00.960,subject,front pants pocket,standing,unknown
2020-05-12 15:22:16.477,subject,front pants pocket,standing,unknown
