2020-05-13 19:14:23.995,scenario,structured_Test Protocol Full 
2020-05-13 19:14:39.419,scenario,structured_Test Protocol Full 
2020-05-13 19:14:54.938,scenario,structured_Test Protocol Full 
2020-05-13 19:15:10.247,scenario,structured_Test Protocol Full 
2020-05-13 19:15:25.555,scenario,structured_Test Protocol Full 
2020-05-13 19:15:41.064,scenario,structured_Test Protocol Full 
2020-05-13 19:15:56.449,scenario,structured_Test Protocol Full 
2020-05-13 19:16:11.926,scenario,structured_Test Protocol Full 
