2020-05-13 19:20:44.516,subject,front pants pocket,standing,unknown
2020-05-13 19:21:00.030,subject,front pants pocket,standing,unknown
2020-05-13 19:21:15.469,subject,front pants pocket,standing,unknown
2020-05-13 19:21:30.919,subject,front pants pocket,standing,unknown
2020-05-13 19:21:46.317,subject,front pants pocket,standing,unknown
2020-05-13 19:22:01.787,subject,front pants pocket,standing,unknown
2020-05-13 19:22:17.085,subject,front pants pocket,standing,unknown
2020-05-13 19:22:32.560,subject,front pants pocket,standing,unknown
