2020-05-13 19:24:56.696,subject,front pants pocket,standing,unknown
2020-05-13 19:25:12.178,subject,front pants pocket,standing,unknown
2020-05-13 19:25:27.578,subject,front pants pocket,standing,unknown
2020-05-13 19:25:42.994,subject,front pants pocket,standing,unknown
2020-05-13 19:25:58.411,subject,front pants pocket,standing,unknown
2020-05-13 19:26:13.841,subject,front pants pocket,standing,unknown
2020-05-13 19:26:29.185,subject,front pants pocket,standing,unknown
2020-05-13 19:26:44.675,subject,front pants pocket,standing,unknown
