2020-05-12 15:03:10.130,beacon_subject,shirt pocket,sitting
2020-05-12 15:03:25.710,beacon_subject,shirt pocket,sitting
2020-05-12 15:03:31.112,beacon_subject,shirt pocket,sitting
2020-05-12 15:03:46.473,beacon_subject,shirt pocket,sitting
2020-05-12 15:04:01.983,beacon_subject,shirt pocket,sitting
2020-05-12 15:04:05.584,beacon_subject,shirt pocket,sitting
2020-05-12 15:04:20.880,beacon_subject,shirt pocket,sitting
2020-05-12 15:04:36.280,beacon_subject,shirt pocket,sitting
2020-05-12 15:04:51.474,beacon_subject,shirt pocket,sitting
2020-05-12 15:05:06.947,beacon_subject,shirt pocket,sitting
2020-05-12 15:05:22.448,beacon_subject,shirt pocket,sitting
2020-05-12 15:05:37.955,beacon_subject,shirt pocket,sitting
2020-05-12 15:05:53.382,beacon_subject,shirt pocket,sitting
