2020-05-12 15:03:10.120,environment,medium room,center open
2020-05-12 15:03:25.692,environment,medium room,center open
2020-05-12 15:03:31.105,environment,medium room,center open
2020-05-12 15:03:46.467,environment,medium room,center open
2020-05-12 15:04:01.976,environment,medium room,center open
2020-05-12 15:04:05.578,environment,medium room,center open
2020-05-12 15:04:20.874,environment,medium room,center open
2020-05-12 15:04:36.274,environment,medium room,center open
2020-05-12 15:04:51.469,environment,medium room,center open
2020-05-12 15:05:06.942,environment,medium room,center open
2020-05-12 15:05:22.442,environment,medium room,center open
2020-05-12 15:05:37.949,environment,medium room,center open
2020-05-12 15:05:53.376,environment,medium room,center open
