2020-05-12 15:03:10.122,scenario,structured_Test Protocol Full 
2020-05-12 15:03:25.692,scenario,structured_Test Protocol Full 
2020-05-12 15:03:31.107,scenario,structured_Test Protocol Full 
2020-05-12 15:03:46.469,scenario,structured_Test Protocol Full 
2020-05-12 15:04:01.978,scenario,structured_Test Protocol Full 
2020-05-12 15:04:05.580,scenario,structured_Test Protocol Full 
2020-05-12 15:04:20.876,scenario,structured_Test Protocol Full 
2020-05-12 15:04:36.276,scenario,structured_Test Protocol Full 
2020-05-12 15:04:51.470,scenario,structured_Test Protocol Full 
2020-05-12 15:05:06.943,scenario,structured_Test Protocol Full 
2020-05-12 15:05:22.444,scenario,structured_Test Protocol Full 
2020-05-12 15:05:37.951,scenario,structured_Test Protocol Full 
2020-05-12 15:05:53.378,scenario,structured_Test Protocol Full 
