2020-05-12 15:08:30.450,scenario,structured_Test Protocol Full 
2020-05-12 15:08:45.971,scenario,structured_Test Protocol Full 
2020-05-12 15:09:01.475,scenario,structured_Test Protocol Full 
2020-05-12 15:09:16.847,scenario,structured_Test Protocol Full 
2020-05-12 15:09:32.181,scenario,structured_Test Protocol Full 
2020-05-12 15:09:47.581,scenario,structured_Test Protocol Full 
2020-05-12 15:10:03.081,scenario,structured_Test Protocol Full 
2020-05-12 15:10:18.581,scenario,structured_Test Protocol Full 
