2020-05-11 12:38:00.572,beacon_subject,front pants pocket,standing
2020-05-11 12:38:15.827,beacon_subject,front pants pocket,standing
2020-05-11 12:38:31.299,beacon_subject,front pants pocket,standing
2020-05-11 12:38:46.658,beacon_subject,front pants pocket,standing
2020-05-11 12:39:02.132,beacon_subject,front pants pocket,standing
2020-05-11 12:39:17.612,beacon_subject,front pants pocket,standing
2020-05-11 12:39:33.016,beacon_subject,front pants pocket,standing
2020-05-11 12:39:48.334,beacon_subject,front pants pocket,standing
