2020-05-12 15:06:17.065,scenario,structured_Test Protocol Full 
2020-05-12 15:06:32.578,scenario,structured_Test Protocol Full 
2020-05-12 15:06:48.045,scenario,structured_Test Protocol Full 
2020-05-12 15:07:03.279,scenario,structured_Test Protocol Full 
2020-05-12 15:07:18.579,scenario,structured_Test Protocol Full 
2020-05-12 15:07:34.079,scenario,structured_Test Protocol Full 
2020-05-12 15:07:49.579,scenario,structured_Test Protocol Full 
2020-05-12 15:08:05.094,scenario,structured_Test Protocol Full 
