2020-05-12 13:11:28.920,Activity,427538.67788375,,2,10
2020-05-12 13:11:31.263,Activity,427541.24208987504,,2,10
2020-05-12 13:11:33.830,Activity,427543.807125625,,2,10
2020-05-12 13:11:36.670,Activity,427546.6483035417,stationary,0,10
2020-05-12 13:11:44.174,Activity,427551.5016911667,,2,10
2020-05-12 13:11:46.287,Activity,427556.26744075003,stationary,0,10
2020-05-12 13:11:47.249,Activity,427557.2292535417,,2,10
2020-05-12 13:11:47.576,Activity,427557.54981341667,stationary,0,10
2020-05-12 13:11:50.777,Activity,427560.7562255,,2,10
2020-05-12 13:11:51.098,Activity,427561.07676350005,stationary,0,10
2020-05-12 13:11:59.253,Activity,427568.77240450005,stationary,0,10
2020-05-12 13:11:59.758,Activity,427569.73386700003,,2,10
2020-05-12 13:12:02.041,Activity,427572.020614125,stationary,0,10
2020-05-12 13:12:02.644,Activity,427572.619737375,,2,10
2020-05-12 13:12:04.608,Activity,427574.5858102917,stationary,0,10
2020-05-12 13:12:04.884,Activity,427574.86398329167,,2,10
2020-05-12 13:12:05.847,Activity,427575.825843375,stationary,0,10
2020-05-12 13:12:06.811,Activity,427576.7877877917,,2,10
2020-05-12 13:12:07.173,Activity,427577.1507327917,stationary,0,10
2020-05-12 13:12:08.415,Activity,427578.3909529167,,2,10
2020-05-12 13:12:08.735,Activity,427578.7115349167,stationary,0,10
2020-05-12 13:12:14.768,Activity,427580.31471925,,2,10
2020-05-12 13:12:15.786,Activity,427585.765428,stationary,0,10
2020-05-12 13:12:17.435,Activity,427587.41105704167,,2,10
2020-05-12 13:12:18.351,Activity,427588.3305080417,stationary,0,10
2020-05-12 13:12:20.595,Activity,427590.5749615,,2,10
2020-05-12 13:12:20.916,Activity,427590.89553150005,stationary,0,10
2020-05-12 13:12:24.443,Activity,427594.4225664167,,2,10
2020-05-12 13:12:29.940,Activity,427594.4225664167,,2,10
2020-05-12 13:12:30.259,Activity,427600.23895250005,stationary,0,10
2020-05-12 13:12:30.535,Activity,427600.514841,,2,10
2020-05-12 13:12:33.741,Activity,427603.72079025005,stationary,0,10
2020-05-12 13:12:34.706,Activity,427604.6827097917,,2,10
2020-05-12 13:12:38.230,Activity,427608.20961712505,stationary,0,10
2020-05-12 13:12:39.838,Activity,427609.81282025005,,2,10
2020-05-12 13:12:45.260,Activity,427610.7749065,,2,10
2020-05-12 13:12:45.651,Activity,427615.62887137505,stationary,0,10
2020-05-12 13:12:53.343,Activity,427623.322550625,stationary,2,10
2020-05-12 13:12:53.624,Activity,427623.600078625,,2,10
2020-05-12 13:12:53.944,Activity,427623.92057862505,stationary,0,10
2020-05-12 13:12:54.583,Activity,427624.5618615417,,2,10
2020-05-12 13:13:00.754,Activity,427626.165205625,,2,10
2020-05-12 13:13:01.636,Activity,427631.6157425417,stationary,0,10
2020-05-12 13:13:02.277,Activity,427632.2570405417,,2,10
2020-05-12 13:13:03.242,Activity,427633.2189069167,stationary,0,10
2020-05-12 13:13:07.087,Activity,427637.06662112504,,2,10
2020-05-12 13:13:07.407,Activity,427637.38712412503,stationary,0,10
2020-05-12 13:13:08.052,Activity,427638.02842225,,2,10
2020-05-12 13:13:08.373,Activity,427638.34903425,stationary,0,10
2020-05-12 13:13:09.652,Activity,427639.63173075,,2,10
2020-05-12 13:13:09.976,Activity,427639.95218375005,stationary,0,10
2020-05-12 13:13:16.127,Activity,427641.555532625,,2,10
2020-05-12 13:13:16.709,Activity,427646.68545987504,stationary,0,10
2020-05-12 13:13:21.195,Activity,427651.17459762504,,2,10
2020-05-12 13:13:21.558,Activity,427651.5381685,stationary,0,10
2020-05-12 13:13:23.127,Activity,427653.0986442917,,2,10
2020-05-12 13:13:23.439,Activity,427653.4187342917,stationary,0,10
2020-05-12 13:13:25.042,Activity,427655.02207175,,2,10
2020-05-12 13:13:25.366,Activity,427655.34252775,stationary,0,10
2020-05-12 13:13:25.686,Activity,427655.663174875,,2,10
2020-05-12 13:13:34.948,Activity,427664.36463762505,,2,12
2020-05-12 13:13:36.267,Activity,427666.243959125,,2,12
2020-05-12 13:13:37.229,Activity,427667.2059070417,,2,12
2020-05-12 13:13:38.831,Activity,427668.8091296667,stationary,0,12
2020-05-12 13:13:39.153,Activity,427669.1297836667,,2,12
2020-05-12 13:13:39.516,Activity,427669.49557225005,stationary,0,12
2020-05-12 13:13:40.115,Activity,427670.09169625,,2,12
2020-05-12 13:13:40.436,Activity,427670.41230225004,stationary,0,12
2020-05-12 13:13:40.756,Activity,427670.7332602917,,2,12
2020-05-12 13:13:43.959,Activity,427673.93928362505,,2,12
2020-05-12 13:13:50.324,Activity,427677.187872375,,2,12
2020-05-12 13:13:50.374,Activity,427680.3520020417,stationary,0,12
2020-05-12 13:13:51.336,Activity,427681.3139421667,,2,12
2020-05-12 13:13:51.656,Activity,427681.634538875,stationary,0,12
2020-05-12 13:13:54.542,Activity,427684.520337625,,2,12
2020-05-12 13:13:56.144,Activity,427686.12345,stationary,0,12
2020-05-12 13:13:57.747,Activity,427687.7266845,,2,12
2020-05-12 13:14:05.843,Activity,427695.4219374167,,2,12
2020-05-12 13:14:06.406,Activity,427696.383803125,stationary,0,12
2020-05-12 13:14:09.294,Activity,427699.26962250005,,2,12
2020-05-12 13:14:10.297,Activity,427700.27399841667,stationary,0,12
2020-05-12 13:14:11.536,Activity,427701.5140414167,,2,12
2020-05-12 13:14:11.856,Activity,427701.8346384167,stationary,0,12
2020-05-12 13:14:12.176,Activity,427702.1552864167,,2,12
2020-05-12 13:14:12.496,Activity,427702.4759034167,stationary,0,12
2020-05-12 13:14:21.349,Activity,427706.6442510417,,2,12
2020-05-12 13:14:22.116,Activity,427712.09496562503,stationary,0,12
2020-05-12 13:14:23.398,Activity,427713.37754787505,,2,12
2020-05-12 13:14:24.360,Activity,427714.3394019167,stationary,0,12
2020-05-12 13:14:26.285,Activity,427716.2632675417,,2,12
2020-05-12 13:14:26.604,Activity,427716.583836,stationary,0,12
2020-05-12 13:14:29.172,Activity,427719.14899975003,,2,12
2020-05-12 13:14:29.491,Activity,427719.46956375,stationary,0,12
2020-05-12 13:14:29.813,Activity,427719.79021137505,,2,12
2020-05-12 13:14:30.818,Activity,427720.79454462504,stationary,0,12
2020-05-12 13:14:36.416,Activity,427722.0346595,,2,12
2020-05-12 13:14:37.507,Activity,427727.4854484167,stationary,0,12
2020-05-12 13:14:41.355,Activity,427731.3331607917,,2,12
2020-05-12 13:14:42.958,Activity,427732.9364385,stationary,0,12
2020-05-12 13:14:43.644,Activity,427733.61975175,,2,12
2020-05-12 13:14:43.919,Activity,427733.89814775,stationary,0,12
2020-05-12 13:14:45.201,Activity,427735.18071412505,,2,12
2020-05-12 13:14:45.523,Activity,427735.50131812505,stationary,0,12
2020-05-12 13:14:51.863,Activity,427737.104841875,,2,12
2020-05-12 13:14:52.256,Activity,427742.23465237505,stationary,0,12
2020-05-12 13:14:52.579,Activity,427742.55551200005,,2,12
2020-05-12 13:14:52.896,Activity,427742.87591600005,stationary,0,12
2020-05-12 13:14:56.469,Activity,427746.4459759167,,2,12
2020-05-12 13:14:56.745,Activity,427746.72354800004,stationary,0,12
2020-05-12 13:15:07.370,Activity,427756.7067185,,2,12
2020-05-12 13:15:10.855,Activity,427760.83146091667,stationary,0,12
2020-05-12 13:15:11.857,Activity,427761.8358614167,,2,12
2020-05-12 13:15:13.417,Activity,427763.3965260417,stationary,0,12
2020-05-12 13:15:14.059,Activity,427764.0378276667,,2,12
2020-05-12 13:15:15.664,Activity,427765.640996875,stationary,0,12
2020-05-12 13:15:22.891,Activity,427767.8854757917,,2,12
2020-05-12 13:15:23.998,Activity,427773.9774804167,stationary,0,12
2020-05-12 13:15:25.281,Activity,427775.26004875003,,2,12
2020-05-12 13:15:25.606,Activity,427775.58065475005,stationary,0,12
2020-05-12 13:15:27.849,Activity,427777.8251716667,,2,12
2020-05-12 13:15:28.166,Activity,427778.1457276667,stationary,0,12
2020-05-12 13:15:31.375,Activity,427781.3524050417,,2,12
2020-05-12 13:15:31.693,Activity,427781.672719625,stationary,0,12
2020-05-12 13:15:39.630,Activity,427787.76480675,,2,15
2020-05-12 13:15:40.075,Activity,427790.0539081667,,2,15
2020-05-12 13:15:41.955,Activity,427791.93342525,,2,15
2020-05-12 13:15:42.917,Activity,427792.895026625,,2,15
2020-05-12 13:15:44.200,Activity,427794.177572,stationary,0,15
2020-05-12 13:15:45.482,Activity,427795.460150125,,2,15
2020-05-12 13:15:47.086,Activity,427797.06330312503,stationary,0,15
2020-05-12 13:15:47.405,Activity,427797.383951125,,2,15
2020-05-12 13:15:48.368,Activity,427798.3458530417,stationary,0,15
2020-05-12 13:15:49.329,Activity,427799.30779825005,,2,15
2020-05-12 13:15:55.117,Activity,427802.8781739167,,2,15
2020-05-12 13:15:58.945,Activity,427808.9269426667,stationary,0,15
2020-05-12 13:15:59.910,Activity,427809.889100875,,2,15
2020-05-12 13:16:00.230,Activity,427810.20950287505,stationary,0,15
2020-05-12 13:16:00.872,Activity,427810.85108175,,2,15
2020-05-12 13:16:10.627,Activity,427815.98088425,,2,15
2020-05-12 13:16:10.861,Activity,427820.83535712503,walking,1,15
2020-05-12 13:16:12.739,Activity,427822.71427550004,stationary,0,15
2020-05-12 13:16:13.055,Activity,427823.03493250004,walking,1,15
2020-05-12 13:16:13.419,Activity,427823.3983465,walking,2,15
2020-05-12 13:16:14.018,Activity,427823.99682287505,stationary,0,15
2020-05-12 13:16:14.345,Activity,427824.317483875,walking,2,15
2020-05-12 13:16:14.659,Activity,427824.638108375,stationary,0,15
2020-05-12 13:16:14.980,Activity,427824.958888375,walking,2,15
2020-05-12 13:16:15.300,Activity,427825.27937737503,stationary,0,15
2020-05-12 13:16:25.947,Activity,427831.69509725005,walking,2,15
2020-05-12 13:16:27.166,Activity,427837.142967,stationary,0,15
2020-05-12 13:16:29.088,Activity,427839.0670192917,walking,2,15
2020-05-12 13:16:29.410,Activity,427839.3874232917,stationary,0,15
2020-05-12 13:16:31.974,Activity,427841.9528145,walking,2,15
2020-05-12 13:16:32.295,Activity,427842.27315850003,stationary,0,15
2020-05-12 13:16:33.952,Activity,427843.9192985,walking,2,15
2020-05-12 13:16:34.218,Activity,427844.19697050005,stationary,0,15
2020-05-12 13:16:35.821,Activity,427845.8002084167,walking,2,15
2020-05-12 13:16:41.414,Activity,427845.8002084167,walking,2,15
2020-05-12 13:16:41.640,Activity,427851.61637325,stationary,0,15
2020-05-12 13:16:43.196,Activity,427853.17484825,walking,2,15
2020-05-12 13:16:43.521,Activity,427853.49548025004,stationary,0,15
2020-05-12 13:16:46.082,Activity,427856.0605960417,walking,2,15
2020-05-12 13:16:46.405,Activity,427856.3811650417,stationary,0,15
2020-05-12 13:16:49.608,Activity,427859.587608125,walking,2,15
2020-05-12 13:16:49.930,Activity,427859.90868575004,stationary,0,15
2020-05-12 13:16:50.250,Activity,427860.22884475003,walking,2,15
2020-05-12 13:16:50.570,Activity,427860.54944275005,stationary,0,15
2020-05-12 13:16:50.895,Activity,427860.8701010417,walking,2,15
2020-05-12 13:16:56.847,Activity,427862.15263487503,walking,2,15
2020-05-12 13:16:57.029,Activity,427867.00692737504,walking,1,15
2020-05-12 13:16:59.599,Activity,427869.569815375,walking,2,15
2020-05-12 13:17:01.152,Activity,427871.1304389167,stationary,0,15
2020-05-12 13:17:01.471,Activity,427871.4510959167,walking,2,15
2020-05-12 13:17:05.001,Activity,427874.9780904167,stationary,0,15
2020-05-12 13:17:05.319,Activity,427875.2987344167,walking,2,15
2020-05-12 13:17:12.259,Activity,427882.0321184167,,2,15
2020-05-12 13:17:13.015,Activity,427882.9940067917,stationary,0,15
2020-05-12 13:17:18.149,Activity,427888.12430512503,,2,15
2020-05-12 13:17:18.470,Activity,427888.445127125,stationary,0,15
2020-05-12 13:17:20.389,Activity,427890.368698375,,2,15
2020-05-12 13:17:21.353,Activity,427891.3305995417,stationary,0,15
2020-05-12 13:17:27.710,Activity,427892.9338721667,,2,15
2020-05-12 13:17:28.091,Activity,427898.06392462505,stationary,0,15
2020-05-12 13:17:31.937,Activity,427901.91166750004,,2,15
2020-05-12 13:17:32.255,Activity,427902.23216450005,stationary,0,15
2020-05-12 13:17:34.179,Activity,427904.1560896667,,2,15
2020-05-12 13:17:35.139,Activity,427905.11794512504,stationary,0,15
2020-05-12 13:17:36.423,Activity,427906.400538375,,2,15
2020-05-12 13:17:37.386,Activity,427907.3624091667,stationary,0,15
2020-05-12 13:01:04.812,Activity,426913.75080179167,,2,3
2020-05-12 13:01:08.261,Activity,426918.2391541667,,2,3
2020-05-12 13:01:10.552,Activity,426920.5281461667,,2,3
2020-05-12 13:01:10.825,Activity,426920.80392591667,stationary,0,3
2020-05-12 13:01:12.750,Activity,426922.72761266667,,2,3
2020-05-12 13:01:13.110,Activity,426923.0902796667,stationary,0,3
2020-05-12 13:01:14.034,Activity,426924.0099375,,2,3
2020-05-12 13:01:14.350,Activity,426924.33051450003,stationary,0,3
2020-05-12 13:01:20.294,Activity,426927.536559125,,2,3
2020-05-12 13:01:20.804,Activity,426930.784976375,,2,3
2020-05-12 13:01:22.366,Activity,426932.3454779167,stationary,0,3
2020-05-12 13:01:27.174,Activity,426937.1545694167,,2,3
2020-05-12 13:01:35.587,Activity,426941.04666675004,,2,3
2020-05-12 13:01:35.840,Activity,426945.8111345417,stationary,0,3
2020-05-12 13:01:36.471,Activity,426946.4518615417,,2,3
2020-05-12 13:01:36.793,Activity,426946.7724412917,stationary,0,3
2020-05-12 13:01:37.113,Activity,426947.0930502917,,2,3
2020-05-12 13:01:39.998,Activity,426949.97843687504,stationary,0,3
2020-05-12 13:01:51.080,Activity,426956.07012337504,,2,3
2020-05-12 13:01:52.181,Activity,426962.161260875,stationary,0,3
2020-05-12 13:01:56.028,Activity,426966.0085930417,,2,3
2020-05-12 13:01:56.349,Activity,426966.3290850417,stationary,0,3
2020-05-12 13:01:58.272,Activity,426968.25274525,,2,3
2020-05-12 13:01:58.592,Activity,426968.57330425,stationary,0,3
2020-05-12 13:01:59.559,Activity,426969.5351419167,,2,3
2020-05-12 13:02:06.414,Activity,426972.09995075,,2,3
2020-05-12 13:02:07.570,Activity,426977.550173375,stationary,0,3
2020-05-12 13:02:08.212,Activity,426978.1914180417,,2,3
2020-05-12 13:02:10.457,Activity,426980.4356145417,stationary,0,3
2020-05-12 13:02:14.303,Activity,426984.283228875,,2,3
2020-05-12 13:02:21.849,Activity,426987.48889587505,,2,3
2020-05-12 13:02:23.602,Activity,426993.5803432917,stationary,0,3
2020-05-12 13:02:24.241,Activity,426994.22157675005,,2,3
2020-05-12 13:02:25.207,Activity,426995.183354625,stationary,0,3
2020-05-12 13:02:29.055,Activity,426999.03093225,stationary,0,3
2020-05-12 13:02:30.057,Activity,427000.03494700004,stationary,2,3
2020-05-12 13:02:37.253,Activity,427006.725085625,stationary,0,3
2020-05-12 13:02:40.314,Activity,427010.29420350003,stationary,2,3
2020-05-12 13:02:46.042,Activity,427016.0227001667,,2,3
2020-05-12 13:02:46.364,Activity,427016.3431961667,stationary,0,3
2020-05-12 13:02:52.719,Activity,427018.26695450005,,2,3
2020-05-12 13:02:53.416,Activity,427023.39648312505,stationary,0,3
2020-05-12 13:02:56.303,Activity,427026.281996125,,2,3
2020-05-12 13:02:56.622,Activity,427026.602568125,stationary,0,3
2020-05-12 13:02:59.508,Activity,427029.4880414167,,2,3
2020-05-12 13:02:59.830,Activity,427029.8085754167,stationary,0,3
2020-05-12 13:03:10.577,Activity,427036.22064450005,,2,4
2020-05-12 13:03:11.098,Activity,427041.0750726667,,2,4
2020-05-12 13:03:12.973,Activity,427042.95339179167,,2,4
2020-05-12 13:03:13.937,Activity,427043.9152481667,,2,4
2020-05-12 13:03:14.582,Activity,427044.5564701667,stationary,0,4
2020-05-12 13:03:14.897,Activity,427044.877086375,,2,4
2020-05-12 13:03:17.141,Activity,427047.1213207917,stationary,0,4
2020-05-12 13:03:17.782,Activity,427047.7625667917,,2,4
2020-05-12 13:03:18.103,Activity,427048.0831486667,stationary,0,4
2020-05-12 13:03:25.909,Activity,427053.897505,,2,4
2020-05-12 13:03:27.403,Activity,427057.3811470417,stationary,0,4
2020-05-12 13:03:27.722,Activity,427057.7014970417,,2,4
2020-05-12 13:03:30.286,Activity,427060.2663310417,stationary,0,4
2020-05-12 13:03:41.415,Activity,427066.9992355,,2,4
2020-05-12 13:03:41.874,Activity,427071.8528962917,stationary,0,4
2020-05-12 13:03:45.996,Activity,427075.9763146667,,2,4
2020-05-12 13:03:46.318,Activity,427076.2968176667,stationary,0,4
2020-05-12 13:03:51.129,Activity,427081.1061237917,stationary,2,4
2020-05-12 13:03:56.903,Activity,427082.3886714167,,2,4
2020-05-12 13:03:58.500,Activity,427088.47999662504,stationary,0,4
2020-05-12 13:04:04.955,Activity,427094.93449450005,stationary,2,4
2020-05-12 13:04:06.195,Activity,427096.17475087504,,2,4
2020-05-12 13:04:06.516,Activity,427096.49524587503,stationary,0,4
2020-05-12 13:04:12.324,Activity,427097.77771575004,,2,4
2020-05-12 13:04:12.927,Activity,427102.90744900005,stationary,0,4
2020-05-12 13:04:16.133,Activity,427106.11362975003,,2,4
2020-05-12 13:04:17.095,Activity,427107.075379125,stationary,0,4
2020-05-12 13:04:17.781,Activity,427107.759208125,,2,4
2020-05-12 13:04:19.339,Activity,427109.319651875,stationary,0,4
2020-05-12 13:04:21.263,Activity,427111.24336025,,2,4
2020-05-12 13:04:27.842,Activity,427111.24336025,,2,4
2020-05-12 13:04:29.278,Activity,427119.2586524167,stationary,0,4
2020-05-12 13:04:30.241,Activity,427120.2205235,,2,4
2020-05-12 13:04:33.170,Activity,427123.1481877917,stationary,0,4
2020-05-12 13:04:34.093,Activity,427124.06785550003,,2,4
2020-05-12 13:04:34.409,Activity,427124.38845150004,stationary,0,4
2020-05-12 13:04:34.728,Activity,427124.7090675,,2,4
2020-05-12 13:04:36.344,Activity,427126.3121069167,stationary,0,4
2020-05-12 13:04:43.292,Activity,427128.87696375005,,2,4
2020-05-12 13:04:43.428,Activity,427133.4077877917,stationary,0,4
2020-05-12 13:04:50.763,Activity,427140.739769125,,2,4
2020-05-12 13:04:51.125,Activity,427141.1024240417,stationary,0,4
2020-05-12 13:04:58.558,Activity,427143.667501875,,2,4
2020-05-12 13:04:59.095,Activity,427149.0754447917,stationary,0,4
2020-05-12 13:05:03.266,Activity,427153.24351987505,,2,4
2020-05-12 13:05:04.868,Activity,427154.8464691667,stationary,0,4
2020-05-12 13:05:08.396,Activity,427158.37335062504,stationary,0,4
2020-05-12 13:05:15.853,Activity,427165.7473354167,,2,5
2020-05-12 13:05:18.659,Activity,427168.632846,,2,5
2020-05-12 13:05:19.614,Activity,427169.5947184167,stationary,0,5
2020-05-12 13:05:20.256,Activity,427170.235956875,,2,5
2020-05-12 13:05:23.782,Activity,427173.7629600417,,2,5
2020-05-12 13:05:24.103,Activity,427174.08334787504,stationary,0,5
2020-05-12 13:05:25.068,Activity,427175.045230875,,2,5
2020-05-12 13:05:25.383,Activity,427175.365807875,stationary,0,5
2020-05-12 13:05:31.357,Activity,427177.0111054167,,2,5
2020-05-12 13:05:33.081,Activity,427183.06097575004,stationary,0,5
2020-05-12 13:05:33.402,Activity,427183.38130775,,2,5
2020-05-12 13:05:34.364,Activity,427184.3431485,stationary,0,5
2020-05-12 13:05:36.286,Activity,427186.266914375,,2,5
2020-05-12 13:05:36.611,Activity,427186.58747737505,stationary,0,5
2020-05-12 13:05:37.574,Activity,427187.549676375,,2,5
2020-05-12 13:05:37.890,Activity,427187.869952375,stationary,0,5
2020-05-12 13:05:39.497,Activity,427189.47308637504,,2,5
2020-05-12 13:05:39.859,Activity,427189.83606937504,stationary,0,5
2020-05-12 13:05:46.413,Activity,427192.40117300005,,2,5
2020-05-12 13:05:46.548,Activity,427196.526662875,stationary,0,5
2020-05-12 13:05:46.868,Activity,427196.84738887503,,2,5
2020-05-12 13:05:47.187,Activity,427197.1678785,stationary,0,5
2020-05-12 13:05:48.150,Activity,427198.1300005417,,2,5
2020-05-12 13:05:48.476,Activity,427198.4503465417,stationary,0,5
2020-05-12 13:05:48.791,Activity,427198.7709795417,,2,5
2020-05-12 13:05:50.397,Activity,427200.3746154167,stationary,0,5
2020-05-12 13:05:51.037,Activity,427201.015310625,,2,5
2020-05-12 13:05:51.356,Activity,427201.335904625,stationary,0,5
2020-05-12 13:05:55.524,Activity,427205.5040375417,,2,5
2020-05-12 13:06:01.857,Activity,427211.2750665417,stationary,0,5
2020-05-12 13:06:02.581,Activity,427212.5575707917,,2,5
2020-05-12 13:06:02.943,Activity,427212.9229917917,stationary,0,5
2020-05-12 13:06:08.352,Activity,427218.328761,,2,5
2020-05-12 13:06:09.314,Activity,427219.2905049167,stationary,0,5
2020-05-12 13:06:17.186,Activity,427226.0234775,stationary,0,5
2020-05-12 13:06:17.967,Activity,427227.947244375,,2,5
2020-05-12 13:06:18.333,Activity,427228.31259600003,stationary,0,5
2020-05-12 13:06:18.608,Activity,427228.58844300004,,2,5
2020-05-12 13:06:18.940,Activity,427228.909051,stationary,0,5
2020-05-12 13:06:20.897,Activity,427230.875532625,,2,5
2020-05-12 13:06:21.173,Activity,427231.15336987504,stationary,0,5
2020-05-12 13:06:24.380,Activity,427234.3596711667,stationary,0,5
2020-05-12 13:06:26.025,Activity,427236.005387875,stationary,2,5
2020-05-12 13:06:32.678,Activity,427238.20706987503,,2,5
2020-05-12 13:06:34.318,Activity,427244.2987125,stationary,0,5
2020-05-12 13:06:34.643,Activity,427244.61934750003,,2,5
2020-05-12 13:06:34.961,Activity,427244.93995150004,stationary,0,5
2020-05-12 13:06:35.933,Activity,427245.90183416667,,2,5
2020-05-12 13:06:37.526,Activity,427247.5048961667,stationary,0,5
2020-05-12 13:06:48.197,Activity,427257.4440815,stationary,0,5
2020-05-12 13:06:51.680,Activity,427261.655066,stationary,2,5
2020-05-12 13:06:52.274,Activity,427262.253706875,stationary,2,5
2020-05-12 13:06:54.240,Activity,427264.21971575,stationary,2,5
2020-05-12 13:07:03.567,Activity,427268.98654504167,,2,5
2020-05-12 13:07:04.136,Activity,427274.1162624167,stationary,0,5
2020-05-12 13:07:09.267,Activity,427279.2464749167,,2,5
2020-05-12 13:07:09.630,Activity,427279.6091849167,stationary,0,5
2020-05-12 13:07:10.554,Activity,427280.52868050005,,2,5
2020-05-12 13:07:10.871,Activity,427280.84925250005,stationary,0,5
2020-05-12 13:07:11.190,Activity,427281.16988725,,2,5
2020-05-12 13:07:12.472,Activity,427282.4523687917,stationary,0,5
2020-05-12 13:07:12.795,Activity,427282.7730057917,,2,5
2020-05-12 13:07:20.658,Activity,427287.58229287504,,2,6
2020-05-12 13:07:25.298,Activity,427295.2775232917,stationary,0,6
2020-05-12 13:07:25.621,Activity,427295.5981572917,,2,6
2020-05-12 13:07:25.939,Activity,427295.9184672917,stationary,0,6
2020-05-12 13:07:26.259,Activity,427296.2394176667,,2,6
2020-05-12 13:07:26.580,Activity,427296.5597186667,stationary,0,6
2020-05-12 13:07:27.585,Activity,427297.564102875,,2,6
2020-05-12 13:07:28.505,Activity,427298.483763375,stationary,0,6
2020-05-12 13:07:35.910,Activity,427305.85784250003,stationary,0,6
2020-05-12 13:07:37.161,Activity,427307.140540125,,2,6
2020-05-12 13:07:38.123,Activity,427308.1022075,stationary,0,6
2020-05-12 13:07:42.613,Activity,427312.59110012505,stationary,0,6
2020-05-12 13:07:42.976,Activity,427312.954584125,stationary,2,6
2020-05-12 13:07:51.413,Activity,427321.24793550005,stationary,0,6
2020-05-12 13:07:51.589,Activity,427321.5684565,,2,6
2020-05-12 13:07:52.551,Activity,427322.53030800004,stationary,0,6
2020-05-12 13:07:55.117,Activity,427325.09536462504,,2,6
2020-05-12 13:07:55.436,Activity,427325.415940875,stationary,0,6
2020-05-12 13:07:56.719,Activity,427326.69867975,,2,6
2020-05-12 13:07:57.040,Activity,427327.01903875003,stationary,0,6
2020-05-12 13:08:06.843,Activity,427331.828521125,,2,6
2020-05-12 13:08:07.941,Activity,427337.920262,stationary,0,6
2020-05-12 13:08:08.626,Activity,427338.60393975,,2,6
2020-05-12 13:08:10.187,Activity,427340.1646305,stationary,0,6
2020-05-12 13:08:12.749,Activity,427342.72968987504,,2,6
2020-05-12 13:08:13.073,Activity,427343.050252875,stationary,0,6
2020-05-12 13:08:14.996,Activity,427344.97403925005,,2,6
2020-05-12 13:08:15.315,Activity,427345.2946036667,stationary,0,6
2020-05-12 13:08:22.232,Activity,427347.859646,,2,6
2020-05-12 13:08:22.369,Activity,427352.34834150004,stationary,0,6
2020-05-12 13:08:27.819,Activity,427357.79906175,,2,6
2020-05-12 13:08:28.140,Activity,427358.11964575003,stationary,0,6
2020-05-12 13:08:29.742,Activity,427359.72272025,,2,6
2020-05-12 13:08:30.064,Activity,427360.04330625,stationary,0,6
2020-05-12 13:08:30.707,Activity,427360.68461975,,2,6
2020-05-12 13:08:31.026,Activity,427361.00549375004,stationary,0,6
2020-05-12 13:08:31.989,Activity,427361.96709362505,,2,6
2020-05-12 13:08:37.711,Activity,427361.96709362505,,2,6
2020-05-12 13:08:39.686,Activity,427369.6620460417,stationary,0,6
2020-05-12 13:08:40.649,Activity,427370.62395387504,,2,6
2020-05-12 13:08:40.965,Activity,427370.94474787504,stationary,0,6
2020-05-12 13:08:44.534,Activity,427374.513877,,2,6
2020-05-12 13:08:46.736,Activity,427376.7157740417,stationary,0,6
2020-05-12 13:08:47.377,Activity,427377.35704850004,,2,6
2020-05-12 13:08:53.220,Activity,427383.128370125,,2,6
2020-05-12 13:08:53.469,Activity,427383.448976,stationary,0,6
2020-05-12 13:08:54.110,Activity,427384.09025400004,,2,6
2020-05-12 13:08:54.434,Activity,427384.4108526667,stationary,0,6
2020-05-12 13:08:56.356,Activity,427386.3346402917,,2,6
2020-05-12 13:08:56.677,Activity,427386.6555172917,stationary,0,6
2020-05-12 13:09:01.484,Activity,427391.46469225,,2,6
2020-05-12 13:09:03.088,Activity,427393.0676977917,stationary,0,6
2020-05-12 13:09:08.588,Activity,427397.87698762503,stationary,0,6
2020-05-12 13:09:08.859,Activity,427398.83889525005,,2,6
2020-05-12 13:09:09.180,Activity,427399.15970425005,stationary,0,6
2020-05-12 13:09:09.824,Activity,427399.80076162505,,2,6
2020-05-12 13:09:11.425,Activity,427401.4038851667,stationary,0,6
2020-05-12 13:09:11.745,Activity,427401.7244991667,,2,6
2020-05-12 13:09:14.630,Activity,427404.610103,stationary,0,6
2020-05-12 13:09:15.314,Activity,427405.2939144167,,2,6
2020-05-12 13:09:17.195,Activity,427407.1750985417,stationary,0,6
2020-05-12 13:09:24.735,Activity,427413.26705662505,,2,8
2020-05-12 13:09:28.142,Activity,427418.1212705,walking,1,8
2020-05-12 13:09:30.341,Activity,427420.321067375,stationary,0,8
2020-05-12 13:09:30.708,Activity,427420.68590537505,walking,1,8
2020-05-12 13:09:31.624,Activity,427421.60403025005,walking,1,8
2020-05-12 13:09:32.906,Activity,427422.885782125,stationary,0,8
2020-05-12 13:09:33.547,Activity,427423.5270619167,walking,2,8
2020-05-12 13:09:34.509,Activity,427424.48894875,stationary,0,8
2020-05-12 13:09:39.958,Activity,427425.8136084167,walking,2,8
2020-05-12 13:09:40.601,Activity,427430.5808695,stationary,0,8
2020-05-12 13:09:41.884,Activity,427431.8634047917,walking,2,8
2020-05-12 13:09:42.845,Activity,427432.8252625417,stationary,0,8
2020-05-12 13:09:45.411,Activity,427435.39035650005,walking,2,8
2020-05-12 13:09:45.730,Activity,427435.7110845,stationary,0,8
2020-05-12 13:09:55.077,Activity,427440.8410880417,walking,2,8
2020-05-12 13:09:56.358,Activity,427446.336751375,stationary,0,8
2020-05-12 13:09:57.594,Activity,427447.574391625,walking,2,8
2020-05-12 13:09:59.198,Activity,427449.1773255417,stationary,0,8
2020-05-12 13:09:59.518,Activity,427449.49797612504,walking,2,8
2020-05-12 13:10:01.122,Activity,427451.101105,stationary,0,8
2020-05-12 13:10:02.083,Activity,427452.0630155,walking,2,8
2020-05-12 13:10:02.404,Activity,427452.38354525005,stationary,0,8
2020-05-12 13:10:04.328,Activity,427454.30754450004,walking,2,8
2020-05-12 13:10:04.648,Activity,427454.62800850003,stationary,0,8
2020-05-12 13:10:10.492,Activity,427455.91054525005,walking,2,8
2020-05-12 13:10:11.747,Activity,427461.72646525,stationary,0,8
2020-05-12 13:10:14.910,Activity,427464.8881862917,walking,2,8
2020-05-12 13:10:15.232,Activity,427465.2087292917,stationary,0,8
2020-05-12 13:10:19.440,Activity,427469.419465375,walking,2,8
2020-05-12 13:10:19.720,Activity,427469.697526375,stationary,0,8
2020-05-12 13:10:25.976,Activity,427475.4692136667,stationary,0,8
2020-05-12 13:10:28.055,Activity,427478.03396925004,,2,8
2020-05-12 13:10:28.376,Activity,427478.354541375,stationary,0,8
2020-05-12 13:10:29.016,Activity,427478.995832375,,2,8
2020-05-12 13:10:31.261,Activity,427481.2401927917,stationary,0,8
2020-05-12 13:10:32.864,Activity,427482.84338362503,,2,8
2020-05-12 13:10:33.186,Activity,427483.16394962504,stationary,0,8
2020-05-12 13:10:35.109,Activity,427485.088075375,,2,8
2020-05-12 13:10:41.413,Activity,427485.088075375,,2,8
2020-05-12 13:10:42.166,Activity,427492.141465625,stationary,0,8
2020-05-12 13:10:42.803,Activity,427492.7827382917,,2,8
2020-05-12 13:10:43.127,Activity,427493.1033492917,stationary,0,8
2020-05-12 13:10:48.900,Activity,427498.87489575,stationary,2,8
2020-05-12 13:10:56.857,Activity,427505.928552375,stationary,0,8
2020-05-12 13:10:57.231,Activity,427507.21109112503,,2,8
2020-05-12 13:10:58.194,Activity,427508.1731517917,stationary,0,8
2020-05-12 13:11:02.682,Activity,427512.6618420417,,2,8
2020-05-12 13:11:03.047,Activity,427513.0250400417,stationary,0,8
2020-05-12 13:11:03.326,Activity,427513.30330662505,,2,8
2020-05-12 13:11:03.644,Activity,427513.62361062504,stationary,0,8
2020-05-12 13:11:03.965,Activity,427513.94425862504,,2,8
2020-05-12 13:11:04.285,Activity,427514.264872625,stationary,0,8
2020-05-12 13:11:04.927,Activity,427514.906148875,,2,8
2020-05-12 13:11:05.890,Activity,427515.868012625,stationary,0,8
2020-05-12 13:11:06.209,Activity,427516.18883162504,,2,8
2020-05-12 13:11:12.232,Activity,427516.18883162504,,2,8
2020-05-12 13:11:13.906,Activity,427523.88362337503,stationary,0,8
2020-05-12 13:11:14.551,Activity,427524.5248319167,,2,8
2020-05-12 13:11:15.871,Activity,427525.8498625417,stationary,0,8
2020-05-12 13:11:16.148,Activity,427526.12805654167,,2,8
2020-05-12 13:11:19.035,Activity,427529.01366237504,stationary,0,8
2020-05-12 13:11:19.355,Activity,427529.334327,,2,8
2020-05-12 13:11:19.677,Activity,427529.65492500004,stationary,0,8
2020-05-12 13:11:21.001,Activity,427530.98009050003,,2,8
2020-05-12 13:11:21.279,Activity,427531.2580655,stationary,0,8
