2020-05-12 13:11:29.934,Altitude,0.0,99.72801971435547,10
2020-05-12 13:11:30.945,Altitude,-0.4518280029296875,99.73338317871094,10
2020-05-12 13:11:31.955,Altitude,-0.9036712646484375,99.73875427246094,10
2020-05-12 13:11:32.966,Altitude,-1.3925018310546875,99.74456024169922,10
2020-05-12 13:11:33.976,Altitude,-1.662017822265625,99.74774169921875,10
2020-05-12 13:11:34.987,Altitude,-1.788848876953125,99.749267578125,10
2020-05-12 13:11:35.959,Altitude,-1.8918914794921875,99.75048065185547,10
2020-05-12 13:11:36.895,Altitude,-1.96588134765625,99.75135040283203,10
2020-05-12 13:11:37.830,Altitude,-1.971160888671875,99.75141143798828,10
2020-05-12 13:11:38.766,Altitude,-1.971160888671875,99.75141906738281,10
2020-05-12 13:11:45.204,Altitude,0.0,99.74775695800781,10
2020-05-12 13:11:46.214,Altitude,-0.013214111328125,99.74790954589844,10
2020-05-12 13:11:47.225,Altitude,-0.005279541015625,99.74781036376953,10
2020-05-12 13:11:48.236,Altitude,-0.005279541015625,99.74781036376953,10
2020-05-12 13:11:49.247,Altitude,0.0105743408203125,99.74761962890625,10
2020-05-12 13:11:50.257,Altitude,0.01849365234375,99.74751281738281,10
2020-05-12 13:11:51.229,Altitude,0.0422821044921875,99.74723815917969,10
2020-05-12 13:11:52.166,Altitude,0.044921875,99.74720001220703,10
2020-05-12 13:11:53.103,Altitude,0.0528564453125,99.74710845947266,10
2020-05-12 13:11:54.037,Altitude,0.0607757568359375,99.74701690673828,10
2020-05-12 13:12:00.290,Altitude,0.0,99.74623107910156,10
2020-05-12 13:12:01.299,Altitude,-0.005279541015625,99.74632263183594,10
2020-05-12 13:12:02.310,Altitude,-0.0158538818359375,99.74641418457031,10
2020-05-12 13:12:03.321,Altitude,-0.023773193359375,99.74651336669922,10
2020-05-12 13:12:04.332,Altitude,-0.044921875,99.74677276611328,10
2020-05-12 13:12:05.342,Altitude,-0.0581207275390625,99.74693298339844,10
2020-05-12 13:12:06.315,Altitude,-0.0819091796875,99.74720001220703,10
2020-05-12 13:12:07.257,Altitude,-0.087188720703125,99.74727630615234,10
2020-05-12 13:12:08.186,Altitude,-0.095123291015625,99.74737548828125,10
2020-05-12 13:12:09.122,Altitude,-0.1109771728515625,99.74754333496094,10
2020-05-12 13:12:15.788,Altitude,0.0,99.74954223632812,10
2020-05-12 13:12:16.798,Altitude,-0.01849365234375,99.749755859375,10
2020-05-12 13:12:17.809,Altitude,-0.0370025634765625,99.74996185302734,10
2020-05-12 13:12:18.820,Altitude,-0.0607757568359375,99.7502670288086,10
2020-05-12 13:12:19.831,Altitude,-0.06341552734375,99.75028991699219,10
2020-05-12 13:12:20.842,Altitude,-0.0739898681640625,99.75042724609375,10
2020-05-12 13:12:21.814,Altitude,-0.103057861328125,99.7507553100586,10
2020-05-12 13:12:22.750,Altitude,-0.1056976318359375,99.75079345703125,10
2020-05-12 13:12:23.686,Altitude,-0.113616943359375,99.7508773803711,10
2020-05-12 13:12:24.622,Altitude,-0.140045166015625,99.75119018554688,10
2020-05-12 13:12:30.950,Altitude,0.0,99.74954986572266,10
2020-05-12 13:12:31.961,Altitude,-0.0105743408203125,99.74966430664062,10
2020-05-12 13:12:32.972,Altitude,-0.021148681640625,99.74978637695312,10
2020-05-12 13:12:33.983,Altitude,-0.0343475341796875,99.74993133544922,10
2020-05-12 13:12:34.995,Altitude,-0.0475616455078125,99.75009155273438,10
2020-05-12 13:12:36.006,Altitude,-0.0554962158203125,99.75019073486328,10
2020-05-12 13:12:36.977,Altitude,-0.0607757568359375,99.7502670288086,10
2020-05-12 13:12:37.914,Altitude,-0.06341552734375,99.75027465820312,10
2020-05-12 13:12:38.850,Altitude,-0.0660552978515625,99.75031280517578,10
2020-05-12 13:12:39.787,Altitude,-0.0687103271484375,99.75035095214844,10
2020-05-12 13:12:46.302,Altitude,0.0,99.74864959716797,10
2020-05-12 13:12:47.312,Altitude,0.0475616455078125,99.74810791015625,10
2020-05-12 13:12:48.323,Altitude,0.0924835205078125,99.74756622314453,10
2020-05-12 13:12:49.335,Altitude,0.1638336181640625,99.74671936035156,10
2020-05-12 13:12:50.345,Altitude,0.2193145751953125,99.74606323242188,10
2020-05-12 13:12:51.356,Altitude,0.2589569091796875,99.7455825805664,10
2020-05-12 13:12:52.329,Altitude,0.32501220703125,99.74481201171875,10
2020-05-12 13:12:53.265,Altitude,0.3276519775390625,99.74476623535156,10
2020-05-12 13:12:54.201,Altitude,0.3593597412109375,99.7444076538086,10
2020-05-12 13:12:55.138,Altitude,0.3963470458984375,99.74396514892578,10
2020-05-12 13:13:01.777,Altitude,0.0,99.74319458007812,10
2020-05-12 13:13:02.788,Altitude,0.0079345703125,99.74311828613281,10
2020-05-12 13:13:03.799,Altitude,0.013214111328125,99.7430419921875,10
2020-05-12 13:13:04.810,Altitude,0.031707763671875,99.74283599853516,10
2020-05-12 13:13:05.821,Altitude,0.06341552734375,99.74243927001953,10
2020-05-12 13:13:06.832,Altitude,0.0687103271484375,99.74237823486328,10
2020-05-12 13:13:07.805,Altitude,0.0739898681640625,99.74232482910156,10
2020-05-12 13:13:08.742,Altitude,0.08984375,99.74214935302734,10
2020-05-12 13:13:09.677,Altitude,0.1004180908203125,99.74201965332031,10
2020-05-12 13:13:10.614,Altitude,0.1056976318359375,99.74193572998047,10
2020-05-12 13:13:17.168,Altitude,0.0,99.7441177368164,10
2020-05-12 13:13:18.179,Altitude,0.0,99.74411010742188,10
2020-05-12 13:13:19.189,Altitude,0.0,99.74411010742188,10
2020-05-12 13:13:20.203,Altitude,0.01055908203125,99.74397277832031,10
2020-05-12 13:13:21.212,Altitude,0.01849365234375,99.74388885498047,10
2020-05-12 13:13:22.222,Altitude,0.0211334228515625,99.74385833740234,10
2020-05-12 13:13:23.197,Altitude,0.0211334228515625,99.74385833740234,10
2020-05-12 13:13:24.131,Altitude,0.0211334228515625,99.74385833740234,10
2020-05-12 13:13:25.067,Altitude,0.0079193115234375,99.74401092529297,10
2020-05-12 13:13:26.006,Altitude,-0.0185089111328125,99.74433135986328,10
2020-05-12 13:13:35.966,Altitude,0.0,99.7354736328125,12
2020-05-12 13:13:36.976,Altitude,-0.28009033203125,99.73880004882812,12
2020-05-12 13:13:37.988,Altitude,-0.5628204345703125,99.74212646484375,12
2020-05-12 13:13:38.999,Altitude,-0.856109619140625,99.74561309814453,12
2020-05-12 13:13:40.011,Altitude,-1.00408935546875,99.74736785888672,12
2020-05-12 13:13:41.021,Altitude,-1.0675048828125,99.74812316894531,12
2020-05-12 13:13:41.994,Altitude,-1.0965728759765625,99.74847412109375,12
2020-05-12 13:13:42.932,Altitude,-1.1203460693359375,99.7487564086914,12
2020-05-12 13:13:43.866,Altitude,-1.1203460693359375,99.7487564086914,12
2020-05-12 13:13:44.804,Altitude,-1.099212646484375,99.7485122680664,12
2020-05-12 13:13:51.357,Altitude,0.0,99.7481460571289,12
2020-05-12 13:13:52.368,Altitude,-0.0026397705078125,99.7481918334961,12
2020-05-12 13:13:53.380,Altitude,0.0,99.74815368652344,12
2020-05-12 13:13:54.391,Altitude,0.0,99.74815368652344,12
2020-05-12 13:13:55.404,Altitude,0.0026397705078125,99.74813079833984,12
2020-05-12 13:13:56.413,Altitude,0.005279541015625,99.74807739257812,12
2020-05-12 13:13:57.386,Altitude,0.0105743408203125,99.74801635742188,12
2020-05-12 13:13:58.326,Altitude,0.02642822265625,99.74784088134766,12
2020-05-12 13:13:59.259,Altitude,0.0475616455078125,99.7475814819336,12
2020-05-12 13:14:00.195,Altitude,0.068695068359375,99.74734497070312,12
2020-05-12 13:14:06.864,Altitude,0.0,99.74775695800781,12
2020-05-12 13:14:07.875,Altitude,-0.01055908203125,99.74785614013672,12
2020-05-12 13:14:08.887,Altitude,-0.0158538818359375,99.74795532226562,12
2020-05-12 13:14:09.898,Altitude,-0.0158538818359375,99.74795532226562,12
2020-05-12 13:14:10.910,Altitude,-0.0396270751953125,99.74819946289062,12
2020-05-12 13:14:11.923,Altitude,-0.05548095703125,99.7484130859375,12
2020-05-12 13:14:12.894,Altitude,-0.068695068359375,99.74855041503906,12
2020-05-12 13:14:13.833,Altitude,-0.0713348388671875,99.74858093261719,12
2020-05-12 13:14:14.769,Altitude,-0.0819091796875,99.74872589111328,12
2020-05-12 13:14:15.705,Altitude,-0.0924835205078125,99.74885559082031,12
2020-05-12 13:14:22.374,Altitude,0.0,99.7492904663086,12
2020-05-12 13:14:23.384,Altitude,-0.0079193115234375,99.74937438964844,12
2020-05-12 13:14:24.395,Altitude,-0.013214111328125,99.74945068359375,12
2020-05-12 13:14:25.406,Altitude,-0.0158538818359375,99.74945831298828,12
2020-05-12 13:14:26.418,Altitude,-0.0290679931640625,99.74964141845703,12
2020-05-12 13:14:27.430,Altitude,-0.0343475341796875,99.74968719482422,12
2020-05-12 13:14:28.403,Altitude,-0.0343475341796875,99.74968719482422,12
2020-05-12 13:14:29.346,Altitude,-0.0343475341796875,99.74968719482422,12
2020-05-12 13:14:30.276,Altitude,-0.0343475341796875,99.74967956542969,12
2020-05-12 13:14:31.212,Altitude,-0.0343475341796875,99.74968719482422,12
2020-05-12 13:14:37.430,Altitude,0.0,99.74984741210938,12
2020-05-12 13:14:38.441,Altitude,-0.0026397705078125,99.74987030029297,12
2020-05-12 13:14:39.454,Altitude,-0.0026397705078125,99.74987030029297,12
2020-05-12 13:14:40.465,Altitude,-0.0026397705078125,99.74989318847656,12
2020-05-12 13:14:41.475,Altitude,-0.023773193359375,99.7501220703125,12
2020-05-12 13:14:42.487,Altitude,-0.02642822265625,99.75016784667969,12
2020-05-12 13:14:43.460,Altitude,-0.02642822265625,99.75016784667969,12
2020-05-12 13:14:44.398,Altitude,-0.0290679931640625,99.75018310546875,12
2020-05-12 13:14:45.332,Altitude,-0.02642822265625,99.7501449584961,12
2020-05-12 13:14:46.269,Altitude,-0.02642822265625,99.7501449584961,12
2020-05-12 13:14:52.901,Altitude,0.0,99.74822235107422,12
2020-05-12 13:14:53.913,Altitude,-0.021148681640625,99.74848175048828,12
2020-05-12 13:14:54.924,Altitude,-0.044921875,99.74874114990234,12
2020-05-12 13:14:55.935,Altitude,-0.0687103271484375,99.74903869628906,12
2020-05-12 13:14:56.946,Altitude,-0.0687103271484375,99.74903869628906,12
2020-05-12 13:14:57.959,Altitude,-0.0687103271484375,99.74903869628906,12
2020-05-12 13:14:58.931,Altitude,-0.0687103271484375,99.74903869628906,12
2020-05-12 13:14:59.868,Altitude,-0.0687103271484375,99.74903106689453,12
2020-05-12 13:15:00.805,Altitude,-0.0687103271484375,99.74903106689453,12
2020-05-12 13:15:01.741,Altitude,-0.0554962158203125,99.7488784790039,12
2020-05-12 13:15:08.403,Altitude,0.0,99.74626159667969,12
2020-05-12 13:15:09.415,Altitude,0.0105743408203125,99.74613952636719,12
2020-05-12 13:15:10.426,Altitude,0.0211334228515625,99.74602508544922,12
2020-05-12 13:15:11.438,Altitude,0.0554962158203125,99.7456283569336,12
2020-05-12 13:15:12.450,Altitude,0.076629638671875,99.74536895751953,12
2020-05-12 13:15:13.461,Altitude,0.0845489501953125,99.74525451660156,12
2020-05-12 13:15:14.434,Altitude,0.1109771728515625,99.74496459960938,12
2020-05-12 13:15:15.374,Altitude,0.1162567138671875,99.74488830566406,12
2020-05-12 13:15:16.308,Altitude,0.1268310546875,99.7447738647461,12
2020-05-12 13:15:17.244,Altitude,0.1374053955078125,99.74464416503906,12
2020-05-12 13:15:23.914,Altitude,0.0,99.74354553222656,12
2020-05-12 13:15:24.925,Altitude,-0.013214111328125,99.74369812011719,12
2020-05-12 13:15:25.937,Altitude,-0.02642822265625,99.74385833740234,12
2020-05-12 13:15:26.949,Altitude,-0.058135986328125,99.74424743652344,12
2020-05-12 13:15:27.960,Altitude,-0.06341552734375,99.74429321289062,12
2020-05-12 13:15:28.971,Altitude,-0.06341552734375,99.74431610107422,12
2020-05-12 13:15:29.944,Altitude,-0.0819244384765625,99.7445297241211,12
2020-05-12 13:15:30.881,Altitude,-0.0819244384765625,99.7445297241211,12
2020-05-12 13:15:31.817,Altitude,-0.0819244384765625,99.7445297241211,12
2020-05-12 13:15:32.754,Altitude,-0.0924835205078125,99.74464416503906,12
2020-05-12 13:15:40.659,Altitude,0.0,99.73606872558594,15
2020-05-12 13:15:41.670,Altitude,-0.221954345703125,99.73869323730469,15
2020-05-12 13:15:42.682,Altitude,-0.44390869140625,99.74131774902344,15
2020-05-12 13:15:43.694,Altitude,-0.655303955078125,99.74383544921875,15
2020-05-12 13:15:44.705,Altitude,-0.7715606689453125,99.7452163696289,15
2020-05-12 13:15:45.716,Altitude,-0.845550537109375,99.74609375,15
2020-05-12 13:15:46.690,Altitude,-0.8878326416015625,99.74657440185547,15
2020-05-12 13:15:47.631,Altitude,-0.9116058349609375,99.74685668945312,15
2020-05-12 13:15:48.563,Altitude,-0.9116058349609375,99.74687957763672,15
2020-05-12 13:15:49.499,Altitude,-0.9116058349609375,99.74687957763672,15
2020-05-12 13:15:56.131,Altitude,0.0,99.74533081054688,15
2020-05-12 13:15:57.143,Altitude,0.005279541015625,99.74525451660156,15
2020-05-12 13:15:58.154,Altitude,0.013214111328125,99.74517059326172,15
2020-05-12 13:15:59.166,Altitude,0.0343475341796875,99.74492645263672,15
2020-05-12 13:16:00.177,Altitude,0.0475616455078125,99.74476623535156,15
2020-05-12 13:16:01.188,Altitude,0.068695068359375,99.74451446533203,15
2020-05-12 13:16:02.162,Altitude,0.0792694091796875,99.744384765625,15
2020-05-12 13:16:03.099,Altitude,0.08984375,99.74425506591797,15
2020-05-12 13:16:04.035,Altitude,0.10040283203125,99.74413299560547,15
2020-05-12 13:16:04.972,Altitude,0.1162567138671875,99.74394226074219,15
2020-05-12 13:16:11.641,Altitude,0.0,99.7434310913086,15
2020-05-12 13:16:12.653,Altitude,0.0105743408203125,99.74330139160156,15
2020-05-12 13:16:13.664,Altitude,0.021148681640625,99.7431640625,15
2020-05-12 13:16:14.675,Altitude,0.0343475341796875,99.74301147460938,15
2020-05-12 13:16:15.686,Altitude,0.058135986328125,99.74274444580078,15
2020-05-12 13:16:16.698,Altitude,0.0607757568359375,99.74270629882812,15
2020-05-12 13:16:17.671,Altitude,0.0819091796875,99.74243927001953,15
2020-05-12 13:16:18.608,Altitude,0.084564208984375,99.7424087524414,15
2020-05-12 13:16:19.544,Altitude,0.1004180908203125,99.74224090576172,15
2020-05-12 13:16:20.481,Altitude,0.10833740234375,99.74214172363281,15
2020-05-12 13:16:26.985,Altitude,0.0,99.73949432373047,15
2020-05-12 13:16:27.997,Altitude,-0.0158538818359375,99.73965454101562,15
2020-05-12 13:16:29.008,Altitude,-0.029052734375,99.73982238769531,15
2020-05-12 13:16:30.019,Altitude,-0.0369873046875,99.73990631103516,15
2020-05-12 13:16:31.032,Altitude,-0.0396270751953125,99.73992919921875,15
2020-05-12 13:16:32.043,Altitude,-0.0396270751953125,99.73992919921875,15
2020-05-12 13:16:33.016,Altitude,-0.0396270751953125,99.73992919921875,15
2020-05-12 13:16:33.953,Altitude,-0.042266845703125,99.7399673461914,15
2020-05-12 13:16:34.889,Altitude,-0.042266845703125,99.739990234375,15
2020-05-12 13:16:35.826,Altitude,-0.0449066162109375,99.74002075195312,15
2020-05-12 13:16:42.457,Altitude,0.0,99.74494934082031,15
2020-05-12 13:16:43.469,Altitude,-0.005279541015625,99.74502563476562,15
2020-05-12 13:16:44.480,Altitude,-0.0105743408203125,99.74508666992188,15
2020-05-12 13:16:45.491,Altitude,-0.0422821044921875,99.7454605102539,15
2020-05-12 13:16:46.502,Altitude,-0.0607757568359375,99.74567413330078,15
2020-05-12 13:16:47.514,Altitude,-0.1109771728515625,99.74627685546875,15
2020-05-12 13:16:48.487,Altitude,-0.1426849365234375,99.74665832519531,15
2020-05-12 13:16:49.423,Altitude,-0.14532470703125,99.74667358398438,15
2020-05-12 13:16:50.360,Altitude,-0.177032470703125,99.74705505371094,15
2020-05-12 13:16:51.297,Altitude,-0.2193145751953125,99.74754333496094,15
2020-05-12 13:16:57.893,Altitude,0.0,99.75064849853516,15
2020-05-12 13:16:58.903,Altitude,0.0026397705078125,99.75064086914062,15
2020-05-12 13:16:59.914,Altitude,0.0026397705078125,99.7506332397461,15
2020-05-12 13:17:00.925,Altitude,0.0264129638671875,99.7503433227539,15
2020-05-12 13:17:01.937,Altitude,0.0475616455078125,99.75009155273438,15
2020-05-12 13:17:02.948,Altitude,0.0475616455078125,99.75009155273438,15
2020-05-12 13:17:03.922,Altitude,0.0475616455078125,99.75009155273438,15
2020-05-12 13:17:04.858,Altitude,0.050201416015625,99.75005340576172,15
2020-05-12 13:17:05.795,Altitude,0.050201416015625,99.75005340576172,15
2020-05-12 13:17:06.732,Altitude,0.0528411865234375,99.75003814697266,15
2020-05-12 13:17:13.288,Altitude,0.0,99.75069427490234,15
2020-05-12 13:17:14.299,Altitude,-0.0052947998046875,99.7507553100586,15
2020-05-12 13:17:15.312,Altitude,-0.002655029296875,99.75071716308594,15
2020-05-12 13:17:16.323,Altitude,-0.002655029296875,99.75071716308594,15
2020-05-12 13:17:17.334,Altitude,-0.002655029296875,99.75071716308594,15
2020-05-12 13:17:18.345,Altitude,0.0,99.75069427490234,15
2020-05-12 13:17:19.318,Altitude,0.0,99.75069427490234,15
2020-05-12 13:17:20.260,Altitude,0.01849365234375,99.75048065185547,15
2020-05-12 13:17:21.192,Altitude,0.0211334228515625,99.75043487548828,15
2020-05-12 13:17:22.129,Altitude,0.029052734375,99.75033569335938,15
2020-05-12 13:17:28.734,Altitude,0.0,99.75090026855469,15
2020-05-12 13:17:29.747,Altitude,-0.0026397705078125,99.75096130371094,15
2020-05-12 13:17:30.758,Altitude,-0.005279541015625,99.75096893310547,15
2020-05-12 13:17:31.770,Altitude,-0.0079193115234375,99.75101470947266,15
2020-05-12 13:17:32.781,Altitude,-0.0211334228515625,99.75116729736328,15
2020-05-12 13:17:33.792,Altitude,-0.0660552978515625,99.75170135498047,15
2020-05-12 13:17:34.765,Altitude,-0.073974609375,99.75180053710938,15
2020-05-12 13:17:35.702,Altitude,-0.095123291015625,99.75202941894531,15
2020-05-12 13:17:36.639,Altitude,-0.1030426025390625,99.75214385986328,15
2020-05-12 13:17:37.575,Altitude,-0.113616943359375,99.75225067138672,15
2020-05-12 13:01:05.798,Altitude,0.0,99.7379150390625,3
2020-05-12 13:01:06.806,Altitude,-0.457122802734375,99.74334716796875,3
2020-05-12 13:01:07.813,Altitude,-0.9168853759765625,99.748779296875,3
2020-05-12 13:01:08.820,Altitude,-1.537841796875,99.75614166259766,3
2020-05-12 13:01:09.828,Altitude,-1.878692626953125,99.76018524169922,3
2020-05-12 13:01:10.837,Altitude,-2.068939208984375,99.762451171875,3
2020-05-12 13:01:11.804,Altitude,-2.177276611328125,99.76371765136719,3
2020-05-12 13:01:12.737,Altitude,-2.285614013671875,99.76502990722656,3
2020-05-12 13:01:13.670,Altitude,-2.3067474365234375,99.76526641845703,3
2020-05-12 13:01:14.603,Altitude,-2.322601318359375,99.76547241210938,3
2020-05-12 13:01:21.320,Altitude,0.0,99.7557601928711,3
2020-05-12 13:01:22.328,Altitude,0.0158538818359375,99.75558471679688,3
2020-05-12 13:01:23.335,Altitude,0.031707763671875,99.75540161132812,3
2020-05-12 13:01:24.343,Altitude,0.0872039794921875,99.75474548339844,3
2020-05-12 13:01:25.350,Altitude,0.1241912841796875,99.75428771972656,3
2020-05-12 13:01:26.358,Altitude,0.1506195068359375,99.75398254394531,3
2020-05-12 13:01:27.327,Altitude,0.174407958984375,99.75371551513672,3
2020-05-12 13:01:28.260,Altitude,0.174407958984375,99.75371551513672,3
2020-05-12 13:01:29.193,Altitude,0.1717529296875,99.75375366210938,3
2020-05-12 13:01:30.126,Altitude,0.1638336181640625,99.75381469726562,3
2020-05-12 13:01:36.619,Altitude,0.0,99.7571029663086,3
2020-05-12 13:01:37.626,Altitude,0.013214111328125,99.75694274902344,3
2020-05-12 13:01:38.634,Altitude,0.02642822265625,99.75679016113281,3
2020-05-12 13:01:39.642,Altitude,0.0370025634765625,99.75664520263672,3
2020-05-12 13:01:40.649,Altitude,0.058135986328125,99.75640106201172,3
2020-05-12 13:01:41.657,Altitude,0.0739898681640625,99.75621795654297,3
2020-05-12 13:01:42.626,Altitude,0.0977783203125,99.75593566894531,3
2020-05-12 13:01:43.559,Altitude,0.103057861328125,99.75587463378906,3
2020-05-12 13:01:44.491,Altitude,0.1189117431640625,99.75566101074219,3
2020-05-12 13:01:45.424,Altitude,0.1321258544921875,99.7555160522461,3
2020-05-12 13:01:52.110,Altitude,0.0,99.75597381591797,3
2020-05-12 13:01:53.113,Altitude,0.02642822265625,99.75569152832031,3
2020-05-12 13:01:54.121,Altitude,0.050201416015625,99.75540924072266,3
2020-05-12 13:01:55.131,Altitude,0.0924835205078125,99.75489044189453,3
2020-05-12 13:01:56.137,Altitude,0.11627197265625,99.75462341308594,3
2020-05-12 13:01:57.144,Altitude,0.147979736328125,99.75424194335938,3
2020-05-12 13:01:58.114,Altitude,0.1823272705078125,99.75382232666016,3
2020-05-12 13:01:59.047,Altitude,0.1876068115234375,99.7537841796875,3
2020-05-12 13:01:59.980,Altitude,0.192901611328125,99.75370025634766,3
2020-05-12 13:02:00.913,Altitude,0.2087554931640625,99.7535171508789,3
2020-05-12 13:02:07.445,Altitude,0.0,99.75407409667969,3
2020-05-12 13:02:08.453,Altitude,-0.0079345703125,99.7541732788086,3
2020-05-12 13:02:09.461,Altitude,-0.0158538818359375,99.75428009033203,3
2020-05-12 13:02:10.469,Altitude,-0.0528564453125,99.75471496582031,3
2020-05-12 13:02:11.476,Altitude,-0.0872039794921875,99.755126953125,3
2020-05-12 13:02:12.485,Altitude,-0.1136322021484375,99.75543212890625,3
2020-05-12 13:02:13.454,Altitude,-0.1268463134765625,99.75558471679688,3
2020-05-12 13:02:14.387,Altitude,-0.147979736328125,99.75582122802734,3
2020-05-12 13:02:15.320,Altitude,-0.166473388671875,99.75606536865234,3
2020-05-12 13:02:16.253,Altitude,-0.1876068115234375,99.75628662109375,3
2020-05-12 13:02:22.862,Altitude,0.0,99.75450897216797,3
2020-05-12 13:02:23.869,Altitude,0.0,99.75453186035156,3
2020-05-12 13:02:24.877,Altitude,0.0,99.75450897216797,3
2020-05-12 13:02:25.885,Altitude,0.0079345703125,99.7544174194336,3
2020-05-12 13:02:26.893,Altitude,0.0105743408203125,99.75440979003906,3
2020-05-12 13:02:27.901,Altitude,0.044921875,99.75398254394531,3
2020-05-12 13:02:28.871,Altitude,0.0607757568359375,99.75379180908203,3
2020-05-12 13:02:29.804,Altitude,0.0739898681640625,99.75364685058594,3
2020-05-12 13:02:30.737,Altitude,0.0924835205078125,99.75343322753906,3
2020-05-12 13:02:31.670,Altitude,0.1241912841796875,99.75304412841797,3
2020-05-12 13:02:38.279,Altitude,0.0,99.75175476074219,3
2020-05-12 13:02:39.287,Altitude,0.0026397705078125,99.75172424316406,3
2020-05-12 13:02:40.295,Altitude,0.005279541015625,99.7516860961914,3
2020-05-12 13:02:41.303,Altitude,0.01849365234375,99.75153350830078,3
2020-05-12 13:02:42.314,Altitude,0.02642822265625,99.7514419555664,3
2020-05-12 13:02:43.319,Altitude,0.02642822265625,99.7514419555664,3
2020-05-12 13:02:44.289,Altitude,0.02642822265625,99.7514419555664,3
2020-05-12 13:02:45.222,Altitude,0.0343475341796875,99.75135040283203,3
2020-05-12 13:02:46.156,Altitude,0.0343475341796875,99.75135040283203,3
2020-05-12 13:02:47.089,Altitude,0.0343475341796875,99.75135803222656,3
2020-05-12 13:02:53.735,Altitude,0.0,99.75225067138672,3
2020-05-12 13:02:54.742,Altitude,-0.01055908203125,99.75238037109375,3
2020-05-12 13:02:55.751,Altitude,-0.0158538818359375,99.7524642944336,3
2020-05-12 13:02:56.758,Altitude,-0.0158538818359375,99.7524642944336,3
2020-05-12 13:02:57.766,Altitude,-0.0158538818359375,99.7524642944336,3
2020-05-12 13:02:58.774,Altitude,-0.0343475341796875,99.75267791748047,3
2020-05-12 13:02:59.744,Altitude,-0.0343475341796875,99.75267791748047,3
2020-05-12 13:03:00.678,Altitude,-0.031707763671875,99.75264739990234,3
2020-05-12 13:03:01.611,Altitude,-0.031707763671875,99.75264739990234,3
2020-05-12 13:03:02.545,Altitude,-0.050201416015625,99.75286865234375,3
2020-05-12 13:03:11.619,Altitude,0.0,99.73445892333984,4
2020-05-12 13:03:12.628,Altitude,-0.3804931640625,99.73898315429688,4
2020-05-12 13:03:13.635,Altitude,-0.760986328125,99.74349975585938,4
2020-05-12 13:03:14.644,Altitude,-1.1309051513671875,99.74785614013672,4
2020-05-12 13:03:15.653,Altitude,-1.3052978515625,99.74993133544922,4
2020-05-12 13:03:16.660,Altitude,-1.3925018310546875,99.75098419189453,4
2020-05-12 13:03:17.631,Altitude,-1.453277587890625,99.7516860961914,4
2020-05-12 13:03:18.568,Altitude,-1.498199462890625,99.75224304199219,4
2020-05-12 13:03:19.498,Altitude,-1.5061187744140625,99.75233459472656,4
2020-05-12 13:03:20.432,Altitude,-1.5061187744140625,99.75233459472656,4
2020-05-12 13:03:26.931,Altitude,0.0,99.75048065185547,4
2020-05-12 13:03:27.940,Altitude,0.013214111328125,99.75031280517578,4
2020-05-12 13:03:28.947,Altitude,0.0264129638671875,99.7501449584961,4
2020-05-12 13:03:29.956,Altitude,0.042266845703125,99.74996948242188,4
2020-05-12 13:03:30.965,Altitude,0.073974609375,99.74958801269531,4
2020-05-12 13:03:31.974,Altitude,0.073974609375,99.74958801269531,4
2020-05-12 13:03:32.943,Altitude,0.0607757568359375,99.74974060058594,4
2020-05-12 13:03:33.877,Altitude,0.0581207275390625,99.74977111816406,4
2020-05-12 13:03:34.811,Altitude,0.0396270751953125,99.75000762939453,4
2020-05-12 13:03:35.745,Altitude,-0.0026397705078125,99.75051879882812,4
2020-05-12 13:03:42.433,Altitude,0.0,99.75273132324219,4
2020-05-12 13:03:43.440,Altitude,0.005279541015625,99.7526626586914,4
2020-05-12 13:03:44.448,Altitude,0.01055908203125,99.75259399414062,4
2020-05-12 13:03:45.458,Altitude,0.044921875,99.752197265625,4
2020-05-12 13:03:46.465,Altitude,0.0475616455078125,99.75218200683594,4
2020-05-12 13:03:47.477,Altitude,0.0528411865234375,99.75212097167969,4
2020-05-12 13:03:48.444,Altitude,0.0528411865234375,99.7520980834961,4
2020-05-12 13:03:49.380,Altitude,0.0607757568359375,99.75200653076172,4
2020-05-12 13:03:50.311,Altitude,0.06341552734375,99.7519760131836,4
2020-05-12 13:03:51.245,Altitude,0.0607757568359375,99.75199890136719,4
2020-05-12 13:03:57.931,Altitude,0.0,99.75123596191406,4
2020-05-12 13:03:58.939,Altitude,-0.0105743408203125,99.75135803222656,4
2020-05-12 13:03:59.948,Altitude,-0.021148681640625,99.75147247314453,4
2020-05-12 13:04:00.956,Altitude,-0.0290679931640625,99.7515640258789,4
2020-05-12 13:04:01.966,Altitude,-0.0370025634765625,99.75167846679688,4
2020-05-12 13:04:02.973,Altitude,-0.044921875,99.75177001953125,4
2020-05-12 13:04:03.945,Altitude,-0.050201416015625,99.75182342529297,4
2020-05-12 13:04:04.878,Altitude,-0.058135986328125,99.75190734863281,4
2020-05-12 13:04:05.811,Altitude,-0.0660552978515625,99.75199890136719,4
2020-05-12 13:04:06.745,Altitude,-0.076629638671875,99.75212860107422,4
2020-05-12 13:04:13.357,Altitude,0.0,99.75444030761719,4
2020-05-12 13:04:14.365,Altitude,0.005279541015625,99.75436401367188,4
2020-05-12 13:04:15.374,Altitude,0.013214111328125,99.75428009033203,4
2020-05-12 13:04:16.383,Altitude,0.0158538818359375,99.75424194335938,4
2020-05-12 13:04:17.391,Altitude,0.050201416015625,99.75382995605469,4
2020-05-12 13:04:18.400,Altitude,0.0792694091796875,99.75347900390625,4
2020-05-12 13:04:19.371,Altitude,0.140045166015625,99.75274658203125,4
2020-05-12 13:04:20.304,Altitude,0.14532470703125,99.752685546875,4
2020-05-12 13:04:21.238,Altitude,0.195526123046875,99.75210571289062,4
2020-05-12 13:04:22.173,Altitude,0.240447998046875,99.7515869140625,4
2020-05-12 13:04:28.859,Altitude,0.0,99.74897003173828,4
2020-05-12 13:04:29.867,Altitude,0.031707763671875,99.74858093261719,4
2020-05-12 13:04:30.876,Altitude,0.0660552978515625,99.74818420410156,4
2020-05-12 13:04:31.884,Altitude,0.1030426025390625,99.74775695800781,4
2020-05-12 13:04:32.893,Altitude,0.1532440185546875,99.74716186523438,4
2020-05-12 13:04:33.902,Altitude,0.1796722412109375,99.74684143066406,4
2020-05-12 13:04:34.873,Altitude,0.1981658935546875,99.74663543701172,4
2020-05-12 13:04:35.806,Altitude,0.208740234375,99.74649047851562,4
2020-05-12 13:04:36.740,Altitude,0.22723388671875,99.74626159667969,4
2020-05-12 13:04:37.673,Altitude,0.22723388671875,99.74626159667969,4
2020-05-12 13:04:44.323,Altitude,0.0,99.74893188476562,4
2020-05-12 13:04:45.331,Altitude,0.01849365234375,99.74870300292969,4
2020-05-12 13:04:46.340,Altitude,0.0396270751953125,99.74847412109375,4
2020-05-12 13:04:47.348,Altitude,0.0528411865234375,99.7483139038086,4
2020-05-12 13:04:48.357,Altitude,0.0845489501953125,99.74795532226562,4
2020-05-12 13:04:49.366,Altitude,0.08984375,99.74785614013672,4
2020-05-12 13:04:50.337,Altitude,0.0924835205078125,99.74784088134766,4
2020-05-12 13:04:51.271,Altitude,0.0924835205078125,99.74784088134766,4
2020-05-12 13:04:52.204,Altitude,0.0819091796875,99.74796295166016,4
2020-05-12 13:04:53.139,Altitude,0.0528411865234375,99.74832153320312,4
2020-05-12 13:04:59.565,Altitude,0.0,99.75463104248047,4
2020-05-12 13:05:00.574,Altitude,-0.03436279296875,99.75505065917969,4
2020-05-12 13:05:01.583,Altitude,-0.0687103271484375,99.75546264648438,4
2020-05-12 13:05:02.591,Altitude,-0.1506195068359375,99.75642395019531,4
2020-05-12 13:05:03.600,Altitude,-0.24310302734375,99.75751495361328,4
2020-05-12 13:05:04.611,Altitude,-0.319732666015625,99.75843048095703,4
2020-05-12 13:05:05.580,Altitude,-0.3805084228515625,99.75914764404297,4
2020-05-12 13:05:06.514,Altitude,-0.3910675048828125,99.75928497314453,4
2020-05-12 13:05:07.448,Altitude,-0.401641845703125,99.7593994140625,4
2020-05-12 13:05:08.382,Altitude,-0.401641845703125,99.7593994140625,4
2020-05-12 13:05:16.866,Altitude,0.0,99.72288513183594,5
2020-05-12 13:05:17.874,Altitude,-0.4254150390625,99.7279281616211,5
2020-05-12 13:05:18.882,Altitude,-0.8481903076171875,99.73297119140625,5
2020-05-12 13:05:19.892,Altitude,-1.2524566650390625,99.73774719238281,5
2020-05-12 13:05:20.900,Altitude,-1.4400634765625,99.73995971679688,5
2020-05-12 13:05:21.908,Altitude,-1.561614990234375,99.74142456054688,5
2020-05-12 13:05:22.880,Altitude,-1.6488189697265625,99.7424545288086,5
2020-05-12 13:05:23.815,Altitude,-1.7122344970703125,99.74321746826172,5
2020-05-12 13:05:24.749,Altitude,-1.7360076904296875,99.74347686767578,5
2020-05-12 13:05:25.684,Altitude,-1.7862091064453125,99.74407196044922,5
2020-05-12 13:05:32.374,Altitude,0.0,99.75253295898438,5
2020-05-12 13:05:33.383,Altitude,0.0026397705078125,99.75250244140625,5
2020-05-12 13:05:34.392,Altitude,0.0,99.75253295898438,5
2020-05-12 13:05:35.401,Altitude,-0.02642822265625,99.75284576416016,5
2020-05-12 13:05:36.411,Altitude,-0.0554962158203125,99.7531967163086,5
2020-05-12 13:05:37.420,Altitude,-0.0872039794921875,99.75357818603516,5
2020-05-12 13:05:38.392,Altitude,-0.1189117431640625,99.75394439697266,5
2020-05-12 13:05:39.325,Altitude,-0.1294708251953125,99.75407409667969,5
2020-05-12 13:05:40.260,Altitude,-0.1374053955078125,99.7541732788086,5
2020-05-12 13:05:41.195,Altitude,-0.158538818359375,99.7544174194336,5
2020-05-12 13:05:47.437,Altitude,0.0,99.75889587402344,5
2020-05-12 13:05:48.447,Altitude,-0.021148681640625,99.75917053222656,5
2020-05-12 13:05:49.455,Altitude,-0.044921875,99.75944519042969,5
2020-05-12 13:05:50.464,Altitude,-0.044921875,99.75944519042969,5
2020-05-12 13:05:51.475,Altitude,-0.0079345703125,99.75900268554688,5
2020-05-12 13:05:52.483,Altitude,0.0977630615234375,99.75775146484375,5
2020-05-12 13:05:53.454,Altitude,0.240447998046875,99.75605773925781,5
2020-05-12 13:05:54.388,Altitude,0.253662109375,99.75589752197266,5
2020-05-12 13:05:55.322,Altitude,0.3831329345703125,99.75436401367188,5
2020-05-12 13:05:56.257,Altitude,0.512603759765625,99.75281524658203,5
2020-05-12 13:06:02.874,Altitude,0.0,99.75096893310547,5
2020-05-12 13:06:03.883,Altitude,0.0,99.75096893310547,5
2020-05-12 13:06:04.893,Altitude,0.0,99.75096893310547,5
2020-05-12 13:06:05.902,Altitude,-0.0396270751953125,99.75145721435547,5
2020-05-12 13:06:06.912,Altitude,-0.0792694091796875,99.75191497802734,5
2020-05-12 13:06:07.921,Altitude,-0.113616943359375,99.7523193359375,5
2020-05-12 13:06:08.892,Altitude,-0.1558990478515625,99.7528305053711,5
2020-05-12 13:06:09.827,Altitude,-0.1691131591796875,99.75296783447266,5
2020-05-12 13:06:10.761,Altitude,-0.2193145751953125,99.75358581542969,5
2020-05-12 13:06:11.695,Altitude,-0.28009033203125,99.75431060791016,5
2020-05-12 13:06:18.201,Altitude,0.0,99.75377655029297,5
2020-05-12 13:06:19.211,Altitude,0.0105743408203125,99.75363159179688,5
2020-05-12 13:06:20.218,Altitude,0.0237884521484375,99.75348663330078,5
2020-05-12 13:06:21.228,Altitude,0.07135009765625,99.75291442871094,5
2020-05-12 13:06:22.239,Altitude,0.0977630615234375,99.75260162353516,5
2020-05-12 13:06:23.246,Altitude,0.103057861328125,99.7525405883789,5
2020-05-12 13:06:24.217,Altitude,0.103057861328125,99.7525405883789,5
2020-05-12 13:06:25.152,Altitude,0.103057861328125,99.7525405883789,5
2020-05-12 13:06:26.086,Altitude,0.095123291015625,99.75264739990234,5
2020-05-12 13:06:27.021,Altitude,0.0660552978515625,99.75297546386719,5
2020-05-12 13:06:33.713,Altitude,0.0,99.7530746459961,5
2020-05-12 13:06:34.722,Altitude,-0.0105743408203125,99.75318908691406,5
2020-05-12 13:06:35.731,Altitude,0.0,99.7530746459961,5
2020-05-12 13:06:36.741,Altitude,0.0026397705078125,99.75303649902344,5
2020-05-12 13:06:37.750,Altitude,0.02642822265625,99.75276184082031,5
2020-05-12 13:06:38.759,Altitude,0.0528411865234375,99.75243377685547,5
2020-05-12 13:06:39.731,Altitude,0.08984375,99.75202178955078,5
2020-05-12 13:06:40.665,Altitude,0.1056976318359375,99.7518310546875,5
2020-05-12 13:06:41.599,Altitude,0.1374053955078125,99.75145721435547,5
2020-05-12 13:06:42.534,Altitude,0.158538818359375,99.7511978149414,5
2020-05-12 13:06:49.225,Altitude,0.0,99.75467681884766,5
2020-05-12 13:06:50.235,Altitude,-0.0131988525390625,99.75482177734375,5
2020-05-12 13:06:51.244,Altitude,-0.023773193359375,99.75496673583984,5
2020-05-12 13:06:52.253,Altitude,-0.0369873046875,99.7551040649414,5
2020-05-12 13:06:53.263,Altitude,-0.0713348388671875,99.7555160522461,5
2020-05-12 13:06:54.272,Altitude,-0.087188720703125,99.75570678710938,5
2020-05-12 13:06:55.243,Altitude,-0.095123291015625,99.75579833984375,5
2020-05-12 13:06:56.178,Altitude,-0.113616943359375,99.75602722167969,5
2020-05-12 13:06:57.112,Altitude,-0.1162567138671875,99.75605773925781,5
2020-05-12 13:06:58.046,Altitude,-0.1162567138671875,99.75605773925781,5
2020-05-12 13:07:04.589,Altitude,0.0,99.75117492675781,5
2020-05-12 13:07:05.598,Altitude,-0.0158538818359375,99.75135040283203,5
2020-05-12 13:07:06.608,Altitude,-0.031707763671875,99.75152587890625,5
2020-05-12 13:07:07.617,Altitude,-0.0422821044921875,99.75165557861328,5
2020-05-12 13:07:08.626,Altitude,-0.0422821044921875,99.75165557861328,5
2020-05-12 13:07:09.636,Altitude,-0.005279541015625,99.75122833251953,5
2020-05-12 13:07:10.607,Altitude,0.02642822265625,99.75084686279297,5
2020-05-12 13:07:11.542,Altitude,0.0290679931640625,99.75080871582031,5
2020-05-12 13:07:12.476,Altitude,0.0845489501953125,99.75016784667969,5
2020-05-12 13:07:13.411,Altitude,0.1611785888671875,99.74925994873047,5
2020-05-12 13:07:21.675,Altitude,0.0,99.72103118896484,6
2020-05-12 13:07:22.684,Altitude,-0.5046844482421875,99.72702026367188,6
2020-05-12 13:07:23.694,Altitude,-1.0067291259765625,99.73300170898438,6
2020-05-12 13:07:24.703,Altitude,-1.50347900390625,99.7388916015625,6
2020-05-12 13:07:25.713,Altitude,-1.7412872314453125,99.74168395996094,6
2020-05-12 13:07:26.723,Altitude,-1.8734130859375,99.74325561523438,6
2020-05-12 13:07:27.694,Altitude,-1.931549072265625,99.74394989013672,6
2020-05-12 13:07:28.629,Altitude,-1.955322265625,99.74423217773438,6
2020-05-12 13:07:29.564,Altitude,-1.955322265625,99.74423217773438,6
2020-05-12 13:07:30.499,Altitude,-1.923614501953125,99.74385070800781,6
2020-05-12 13:07:36.932,Altitude,0.0,99.7481460571289,6
2020-05-12 13:07:37.942,Altitude,-0.031707763671875,99.74852752685547,6
2020-05-12 13:07:38.952,Altitude,-0.06341552734375,99.74891662597656,6
2020-05-12 13:07:39.961,Altitude,-0.118896484375,99.74955749511719,6
2020-05-12 13:07:40.971,Altitude,-0.18231201171875,99.75032043457031,6
2020-05-12 13:07:41.982,Altitude,-0.23516845703125,99.75096130371094,6
2020-05-12 13:07:42.953,Altitude,-0.2642364501953125,99.75130462646484,6
2020-05-12 13:07:43.888,Altitude,-0.27215576171875,99.7513656616211,6
2020-05-12 13:07:44.823,Altitude,-0.277435302734375,99.75145721435547,6
2020-05-12 13:07:45.758,Altitude,-0.277435302734375,99.75145721435547,6
2020-05-12 13:07:52.453,Altitude,0.0,99.74738311767578,6
2020-05-12 13:07:53.463,Altitude,-0.0211334228515625,99.74763488769531,6
2020-05-12 13:07:54.473,Altitude,-0.044921875,99.74789428710938,6
2020-05-12 13:07:55.483,Altitude,-0.0898284912109375,99.74844360351562,6
2020-05-12 13:07:56.492,Altitude,-0.1347503662109375,99.74897766113281,6
2020-05-12 13:07:57.502,Altitude,-0.14532470703125,99.74909973144531,6
2020-05-12 13:07:58.474,Altitude,-0.1532440185546875,99.74919128417969,6
2020-05-12 13:07:59.416,Altitude,-0.14532470703125,99.74909973144531,6
2020-05-12 13:08:00.344,Altitude,-0.1215362548828125,99.74881744384766,6
2020-05-12 13:08:01.280,Altitude,-0.0660552978515625,99.74815368652344,6
2020-05-12 13:08:07.863,Altitude,0.0,99.74453735351562,6
2020-05-12 13:08:08.873,Altitude,0.021148681640625,99.74430847167969,6
2020-05-12 13:08:09.883,Altitude,0.039642333984375,99.74407958984375,6
2020-05-12 13:08:10.893,Altitude,0.06341552734375,99.74380493164062,6
2020-05-12 13:08:11.903,Altitude,0.06341552734375,99.74380493164062,6
2020-05-12 13:08:12.912,Altitude,0.06341552734375,99.74378967285156,6
2020-05-12 13:08:13.884,Altitude,0.06341552734375,99.74378204345703,6
2020-05-12 13:08:14.819,Altitude,0.076629638671875,99.7436294555664,6
2020-05-12 13:08:15.755,Altitude,0.0792694091796875,99.74359130859375,6
2020-05-12 13:08:16.691,Altitude,0.0924835205078125,99.74346160888672,6
2020-05-12 13:08:23.274,Altitude,0.0,99.7419204711914,6
2020-05-12 13:08:24.283,Altitude,-0.0369873046875,99.74235534667969,6
2020-05-12 13:08:25.294,Altitude,-0.073974609375,99.7427978515625,6
2020-05-12 13:08:26.304,Altitude,-0.1347503662109375,99.74352264404297,6
2020-05-12 13:08:27.312,Altitude,-0.1876068115234375,99.74415588378906,6
2020-05-12 13:08:28.322,Altitude,-0.2510223388671875,99.74488067626953,6
2020-05-12 13:08:29.294,Altitude,-0.285369873046875,99.74531555175781,6
2020-05-12 13:08:30.234,Altitude,-0.3065032958984375,99.74554443359375,6
2020-05-12 13:08:31.164,Altitude,-0.31707763671875,99.74567413330078,6
2020-05-12 13:08:32.099,Altitude,-0.330291748046875,99.745849609375,6
2020-05-12 13:08:38.721,Altitude,0.0,99.74410247802734,6
2020-05-12 13:08:39.731,Altitude,-0.002655029296875,99.74415588378906,6
2020-05-12 13:08:40.740,Altitude,-0.002655029296875,99.74413299560547,6
2020-05-12 13:08:41.750,Altitude,-0.002655029296875,99.744140625,6
2020-05-12 13:08:42.760,Altitude,-0.002655029296875,99.744140625,6
2020-05-12 13:08:43.770,Altitude,-0.002655029296875,99.74414825439453,6
2020-05-12 13:08:44.741,Altitude,-0.021148681640625,99.74437713623047,6
2020-05-12 13:08:45.676,Altitude,-0.02642822265625,99.74443817138672,6
2020-05-12 13:08:46.613,Altitude,-0.031707763671875,99.7444839477539,6
2020-05-12 13:08:47.547,Altitude,-0.0502166748046875,99.74470520019531,6
2020-05-12 13:08:54.243,Altitude,0.0,99.74703979492188,6
2020-05-12 13:08:55.253,Altitude,-0.013214111328125,99.74717712402344,6
2020-05-12 13:08:56.263,Altitude,-0.023773193359375,99.74732208251953,6
2020-05-12 13:08:57.273,Altitude,-0.050201416015625,99.74763488769531,6
2020-05-12 13:08:58.283,Altitude,-0.050201416015625,99.74763488769531,6
2020-05-12 13:08:59.293,Altitude,-0.050201416015625,99.74763488769531,6
2020-05-12 13:09:00.264,Altitude,-0.0528411865234375,99.7476577758789,6
2020-05-12 13:09:01.200,Altitude,-0.058135986328125,99.74772644042969,6
2020-05-12 13:09:02.135,Altitude,-0.0607757568359375,99.74774169921875,6
2020-05-12 13:09:03.070,Altitude,-0.0713348388671875,99.74787902832031,6
2020-05-12 13:09:09.618,Altitude,0.0,99.75111389160156,6
2020-05-12 13:09:10.629,Altitude,0.0105743408203125,99.75098419189453,6
2020-05-12 13:09:11.638,Altitude,0.021148681640625,99.7508544921875,6
2020-05-12 13:09:12.649,Altitude,0.0370025634765625,99.75065612792969,6
2020-05-12 13:09:13.659,Altitude,0.0924835205078125,99.75000762939453,6
2020-05-12 13:09:14.669,Altitude,0.147979736328125,99.74935150146484,6
2020-05-12 13:09:15.641,Altitude,0.2087554931640625,99.74864196777344,6
2020-05-12 13:09:16.577,Altitude,0.2140350341796875,99.74857330322266,6
2020-05-12 13:09:17.512,Altitude,0.293304443359375,99.74762725830078,6
2020-05-12 13:09:18.447,Altitude,0.3725738525390625,99.7466812133789,6
2020-05-12 13:09:25.744,Altitude,0.0,99.72006225585938,8
2020-05-12 13:09:26.755,Altitude,-0.4280548095703125,99.7251205444336,8
2020-05-12 13:09:27.765,Altitude,-0.8534698486328125,99.73017883300781,8
2020-05-12 13:09:28.776,Altitude,-1.281524658203125,99.73523712158203,8
2020-05-12 13:09:29.785,Altitude,-1.490264892578125,99.73771667480469,8
2020-05-12 13:09:30.796,Altitude,-1.6488037109375,99.73960876464844,8
2020-05-12 13:09:31.768,Altitude,-1.7492218017578125,99.74078369140625,8
2020-05-12 13:09:32.704,Altitude,-1.8231964111328125,99.74165344238281,8
2020-05-12 13:09:33.638,Altitude,-1.865478515625,99.74217224121094,8
2020-05-12 13:09:34.574,Altitude,-1.9209747314453125,99.74284362792969,8
2020-05-12 13:09:40.974,Altitude,0.0,99.73955535888672,8
2020-05-12 13:09:41.984,Altitude,-0.0475616455078125,99.74014282226562,8
2020-05-12 13:09:42.995,Altitude,-0.0977630615234375,99.74073028564453,8
2020-05-12 13:09:44.005,Altitude,-0.195526123046875,99.74188995361328,8
2020-05-12 13:09:45.016,Altitude,-0.3355712890625,99.74356079101562,8
2020-05-12 13:09:46.026,Altitude,-0.4597625732421875,99.74502563476562,8
2020-05-12 13:09:46.999,Altitude,-0.5628204345703125,99.7462387084961,8
2020-05-12 13:09:47.934,Altitude,-0.565460205078125,99.74626159667969,8
2020-05-12 13:09:48.870,Altitude,-0.6315155029296875,99.7470703125,8
2020-05-12 13:09:49.805,Altitude,-0.6764373779296875,99.74760437011719,8
2020-05-12 13:09:56.093,Altitude,0.0,99.74678039550781,8
2020-05-12 13:09:57.103,Altitude,0.0052947998046875,99.74671936035156,8
2020-05-12 13:09:58.114,Altitude,0.0105743408203125,99.74666595458984,8
2020-05-12 13:09:59.124,Altitude,0.021148681640625,99.74652862548828,8
2020-05-12 13:10:00.135,Altitude,0.0422821044921875,99.74626159667969,8
2020-05-12 13:10:01.145,Altitude,0.0528564453125,99.74614715576172,8
2020-05-12 13:10:02.117,Altitude,0.0554962158203125,99.74610900878906,8
2020-05-12 13:10:03.053,Altitude,0.058135986328125,99.7460708618164,8
2020-05-12 13:10:03.989,Altitude,0.058135986328125,99.7460708618164,8
2020-05-12 13:10:04.924,Altitude,0.0528564453125,99.74614715576172,8
2020-05-12 13:10:11.513,Altitude,0.0,99.74679565429688,8
2020-05-12 13:10:12.523,Altitude,-0.005279541015625,99.74685668945312,8
2020-05-12 13:10:13.533,Altitude,-0.0079193115234375,99.74691772460938,8
2020-05-12 13:10:14.544,Altitude,-0.0079193115234375,99.74691772460938,8
2020-05-12 13:10:15.554,Altitude,0.0052947998046875,99.74675750732422,8
2020-05-12 13:10:16.565,Altitude,0.01849365234375,99.74657440185547,8
2020-05-12 13:10:17.538,Altitude,0.01849365234375,99.74657440185547,8
2020-05-12 13:10:18.473,Altitude,0.021148681640625,99.7465591430664,8
2020-05-12 13:10:19.408,Altitude,0.0290679931640625,99.74646759033203,8
2020-05-12 13:10:20.345,Altitude,0.0290679931640625,99.74646759033203,8
2020-05-12 13:10:27.008,Altitude,0.0,99.74778747558594,8
2020-05-12 13:10:28.017,Altitude,0.013214111328125,99.74763488769531,8
2020-05-12 13:10:29.028,Altitude,0.0237884521484375,99.74748992919922,8
2020-05-12 13:10:30.039,Altitude,0.02642822265625,99.74746704101562,8
2020-05-12 13:10:31.049,Altitude,0.02642822265625,99.7474594116211,8
2020-05-12 13:10:32.060,Altitude,0.0369873046875,99.74734497070312,8
2020-05-12 13:10:33.032,Altitude,0.0475616455078125,99.74720764160156,8
2020-05-12 13:10:33.968,Altitude,0.050201416015625,99.74717712402344,8
2020-05-12 13:10:34.904,Altitude,0.0528411865234375,99.74714660644531,8
2020-05-12 13:10:35.840,Altitude,0.0660552978515625,99.74700927734375,8
2020-05-12 13:10:42.430,Altitude,0.0,99.74414825439453,8
2020-05-12 13:10:43.440,Altitude,0.0079345703125,99.74406433105469,8
2020-05-12 13:10:44.450,Altitude,0.013214111328125,99.74397277832031,8
2020-05-12 13:10:45.461,Altitude,0.013214111328125,99.74397277832031,8
2020-05-12 13:10:46.471,Altitude,0.002655029296875,99.7441177368164,8
2020-05-12 13:10:47.482,Altitude,0.0,99.744140625,8
2020-05-12 13:10:48.454,Altitude,-0.0026397705078125,99.74417877197266,8
2020-05-12 13:10:49.390,Altitude,-0.01055908203125,99.7442626953125,8
2020-05-12 13:10:50.325,Altitude,-0.0343475341796875,99.74453735351562,8
2020-05-12 13:10:51.261,Altitude,-0.0581207275390625,99.74482727050781,8
2020-05-12 13:10:57.895,Altitude,0.0,99.7489013671875,8
2020-05-12 13:10:58.905,Altitude,0.0,99.7489242553711,8
2020-05-12 13:10:59.917,Altitude,-0.0026397705078125,99.74894714355469,8
2020-05-12 13:11:00.928,Altitude,-0.0211334228515625,99.74915313720703,8
2020-05-12 13:11:01.938,Altitude,-0.031707763671875,99.74928283691406,8
2020-05-12 13:11:02.949,Altitude,-0.050201416015625,99.7494888305664,8
2020-05-12 13:11:03.921,Altitude,-0.0528411865234375,99.7495346069336,8
2020-05-12 13:11:04.859,Altitude,-0.05548095703125,99.74956512451172,8
2020-05-12 13:11:05.792,Altitude,-0.0607757568359375,99.7496337890625,8
2020-05-12 13:11:06.728,Altitude,-0.06341552734375,99.74967193603516,8
2020-05-12 13:11:13.242,Altitude,0.0,99.74725341796875,8
2020-05-12 13:11:14.253,Altitude,0.005279541015625,99.7471694946289,8
2020-05-12 13:11:15.263,Altitude,0.013214111328125,99.74708557128906,8
2020-05-12 13:11:16.273,Altitude,0.044921875,99.7467041015625,8
2020-05-12 13:11:17.283,Altitude,0.0792694091796875,99.7463150024414,8
2020-05-12 13:11:18.294,Altitude,0.121551513671875,99.74581146240234,8
2020-05-12 13:11:19.266,Altitude,0.1374053955078125,99.74562072753906,8
2020-05-12 13:11:20.202,Altitude,0.1426849365234375,99.74554443359375,8
2020-05-12 13:11:21.138,Altitude,0.158538818359375,99.745361328125,8
2020-05-12 13:11:22.074,Altitude,0.1611785888671875,99.7453384399414,8
