2020-05-12 15:18:11.250,scenario,structured_Test Protocol Full 
2020-05-12 15:18:26.486,scenario,structured_Test Protocol Full 
2020-05-12 15:18:41.991,scenario,structured_Test Protocol Full 
2020-05-12 15:18:57.458,scenario,structured_Test Protocol Full 
2020-05-12 15:19:12.858,scenario,structured_Test Protocol Full 
2020-05-12 15:19:28.325,scenario,structured_Test Protocol Full 
2020-05-12 15:19:43.826,scenario,structured_Test Protocol Full 
2020-05-12 15:19:59.326,scenario,structured_Test Protocol Full 
